arm	rep	line
adaptiseq-adaptive-j20	rep1	22:14:47.641 adaptiseq.batch: adaptive probe: workers=1 throughput=224.0Mbps score=-222
adaptiseq-adaptive-j20	rep1	22:14:52.643 adaptiseq.batch: adaptive probe: workers=2 throughput=252.2Mbps score=-247
adaptiseq-adaptive-j20	rep1	22:14:57.644 adaptiseq.batch: adaptive probe: workers=3 throughput=225.8Mbps score=-219
adaptiseq-adaptive-j20	rep1	22:15:02.645 adaptiseq.batch: adaptive probe: workers=2 throughput=187.8Mbps score=-184
adaptiseq-adaptive-j20	rep1	22:15:07.647 adaptiseq.batch: adaptive probe: workers=3 throughput=128.6Mbps score=-125
adaptiseq-adaptive-j20	rep1	22:15:12.649 adaptiseq.batch: adaptive probe: workers=2 throughput=128.6Mbps score=-126
adaptiseq-adaptive-j20	rep1	22:15:17.650 adaptiseq.batch: adaptive probe: workers=1 throughput=101.8Mbps score=-101
adaptiseq-adaptive-j20	rep1	22:15:22.651 adaptiseq.batch: adaptive probe: workers=2 throughput=68.3Mbps score=-67
adaptiseq-adaptive-j20	rep1	22:15:27.653 adaptiseq.batch: adaptive probe: workers=1 throughput=52.5Mbps score=-52
adaptiseq-adaptive-j20	rep1	22:15:32.654 adaptiseq.batch: adaptive probe: workers=2 throughput=46.2Mbps score=-45
adaptiseq-adaptive-j20	rep1	22:15:37.656 adaptiseq.batch: adaptive probe: workers=1 throughput=59.1Mbps score=-59
adaptiseq-adaptive-j20	rep1	22:15:42.658 adaptiseq.batch: adaptive probe: workers=1 throughput=58.6Mbps score=-58
adaptiseq-adaptive-j20	rep1	22:15:47.659 adaptiseq.batch: adaptive probe: workers=1 throughput=53.0Mbps score=-53
adaptiseq-adaptive-j20	rep1	22:15:52.660 adaptiseq.batch: adaptive probe: workers=1 throughput=66.7Mbps score=-66
adaptiseq-adaptive-j20	rep1	22:15:57.662 adaptiseq.batch: adaptive probe: workers=2 throughput=71.8Mbps score=-70
adaptiseq-adaptive-j20	rep1	22:16:02.664 adaptiseq.batch: adaptive probe: workers=3 throughput=51.9Mbps score=-50
adaptiseq-adaptive-j20	rep1	22:16:07.666 adaptiseq.batch: adaptive probe: workers=2 throughput=51.2Mbps score=-50
adaptiseq-adaptive-j20	rep1	22:16:12.667 adaptiseq.batch: adaptive probe: workers=2 throughput=63.7Mbps score=-62
adaptiseq-adaptive-j20	rep1	22:16:17.668 adaptiseq.batch: adaptive probe: workers=3 throughput=65.3Mbps score=-63
adaptiseq-adaptive-j20	rep1	22:16:22.669 adaptiseq.batch: adaptive probe: workers=4 throughput=151.8Mbps score=-146
adaptiseq-adaptive-j20	rep1	22:16:27.670 adaptiseq.batch: adaptive probe: workers=4 throughput=166.9Mbps score=-160
adaptiseq-adaptive-j20	rep1	22:16:32.672 adaptiseq.batch: adaptive probe: workers=5 throughput=161.4Mbps score=-154
adaptiseq-adaptive-j20	rep1	22:16:37.675 adaptiseq.batch: adaptive probe: workers=4 throughput=142.9Mbps score=-137
adaptiseq-adaptive-j20	rep1	22:16:42.676 adaptiseq.batch: adaptive probe: workers=5 throughput=125.3Mbps score=-119
adaptiseq-adaptive-j20	rep1	22:16:47.677 adaptiseq.batch: adaptive probe: workers=4 throughput=146.8Mbps score=-141
adaptiseq-adaptive-j20	rep1	22:16:52.678 adaptiseq.batch: adaptive probe: workers=3 throughput=126.6Mbps score=-123
adaptiseq-adaptive-j20	rep1	22:16:57.680 adaptiseq.batch: adaptive probe: workers=4 throughput=128.6Mbps score=-124
adaptiseq-adaptive-j20	rep1	22:17:02.681 adaptiseq.batch: adaptive probe: workers=5 throughput=86.4Mbps score=-82
adaptiseq-adaptive-j20	rep1	22:17:07.683 adaptiseq.batch: adaptive probe: workers=3 throughput=79.9Mbps score=-78
adaptiseq-adaptive-j20	rep1	22:17:12.686 adaptiseq.batch: adaptive probe: workers=4 throughput=131.4Mbps score=-126
adaptiseq-adaptive-j20	rep1	22:17:17.688 adaptiseq.batch: adaptive probe: workers=4 throughput=116.3Mbps score=-112
adaptiseq-adaptive-j20	rep1	22:17:22.689 adaptiseq.batch: adaptive probe: workers=3 throughput=100.5Mbps score=-98
adaptiseq-adaptive-j20	rep1	22:17:27.690 adaptiseq.batch: adaptive probe: workers=4 throughput=77.2Mbps score=-74
adaptiseq-adaptive-j20	rep1	22:17:32.693 adaptiseq.batch: adaptive probe: workers=3 throughput=66.9Mbps score=-65
adaptiseq-adaptive-j20	rep1	22:17:37.695 adaptiseq.batch: adaptive probe: workers=4 throughput=83.6Mbps score=-80
adaptiseq-adaptive-j20	rep1	22:17:42.697 adaptiseq.batch: adaptive probe: workers=5 throughput=142.9Mbps score=-136
adaptiseq-adaptive-j20	rep1	22:17:47.697 adaptiseq.batch: adaptive probe: workers=9 throughput=454.1Mbps score=-415
adaptiseq-adaptive-j20	rep1	22:17:52.698 adaptiseq.batch: adaptive probe: workers=14 throughput=488.3Mbps score=-425
adaptiseq-adaptive-j20	rep1	22:17:57.701 adaptiseq.batch: adaptive probe: workers=8 throughput=684.6Mbps score=-632
adaptiseq-adaptive-j20	rep1	22:18:02.702 adaptiseq.batch: adaptive probe: workers=5 throughput=253.7Mbps score=-241
adaptiseq-adaptive-j20	rep1	22:18:07.704 adaptiseq.batch: adaptive probe: workers=4 throughput=133.2Mbps score=-128
adaptiseq-adaptive-j20	rep1	22:18:12.706 adaptiseq.batch: adaptive probe: workers=4 throughput=83.7Mbps score=-80
adaptiseq-adaptive-j20	rep1	22:18:17.707 adaptiseq.batch: adaptive probe: workers=4 throughput=76.0Mbps score=-73
adaptiseq-adaptive-j20	rep1	22:18:22.709 adaptiseq.batch: adaptive probe: workers=3 throughput=58.2Mbps score=-56
adaptiseq-adaptive-j20	rep1	22:18:27.710 adaptiseq.batch: adaptive probe: workers=3 throughput=46.6Mbps score=-45
adaptiseq-adaptive-j20	rep1	22:18:32.711 adaptiseq.batch: adaptive probe: workers=3 throughput=40.0Mbps score=-39
adaptiseq-adaptive-j20	rep1	22:18:37.713 adaptiseq.batch: adaptive probe: workers=3 throughput=39.3Mbps score=-38
adaptiseq-adaptive-j20	rep1	22:18:42.714 adaptiseq.batch: adaptive probe: workers=3 throughput=30.9Mbps score=-30
adaptiseq-adaptive-j20	rep1	22:18:47.715 adaptiseq.batch: adaptive probe: workers=3 throughput=47.4Mbps score=-46
adaptiseq-adaptive-j20	rep1	22:18:52.718 adaptiseq.batch: adaptive probe: workers=3 throughput=78.9Mbps score=-77
adaptiseq-adaptive-j20	rep1	22:18:57.719 adaptiseq.batch: adaptive probe: workers=3 throughput=65.6Mbps score=-64
adaptiseq-adaptive-j20	rep1	22:19:02.721 adaptiseq.batch: adaptive probe: workers=3 throughput=46.5Mbps score=-45
adaptiseq-adaptive-j20	rep1	22:19:07.723 adaptiseq.batch: adaptive probe: workers=3 throughput=51.0Mbps score=-50
adaptiseq-adaptive-j20	rep1	22:19:12.725 adaptiseq.batch: adaptive probe: workers=3 throughput=77.1Mbps score=-75
adaptiseq-adaptive-j20	rep1	22:19:17.726 adaptiseq.batch: adaptive probe: workers=1 throughput=80.4Mbps score=-80
adaptiseq-adaptive-j20	rep1	22:19:22.727 adaptiseq.batch: adaptive probe: workers=1 throughput=47.6Mbps score=-47
adaptiseq-adaptive-j20	rep1	22:19:27.728 adaptiseq.batch: adaptive probe: workers=1 throughput=7.3Mbps score=-7
adaptiseq-adaptive-j20	rep1	22:19:32.729 adaptiseq.batch: adaptive probe: workers=1 throughput=8.1Mbps score=-8
adaptiseq-adaptive-j20	rep1	22:19:37.730 adaptiseq.batch: adaptive probe: workers=1 throughput=6.8Mbps score=-7
adaptiseq-adaptive-j20	rep1	22:19:42.731 adaptiseq.batch: adaptive probe: workers=1 throughput=9.7Mbps score=-10
adaptiseq-adaptive-j20	rep1	22:19:47.732 adaptiseq.batch: adaptive probe: workers=1 throughput=9.3Mbps score=-9
adaptiseq-adaptive-j20	rep1	22:19:52.735 adaptiseq.batch: adaptive probe: workers=1 throughput=11.0Mbps score=-11
adaptiseq-adaptive-j20	rep1	22:19:57.738 adaptiseq.batch: adaptive probe: workers=1 throughput=11.5Mbps score=-11
adaptiseq-adaptive-j20	rep1	22:20:02.740 adaptiseq.batch: adaptive probe: workers=1 throughput=13.1Mbps score=-13
adaptiseq-adaptive-j20	rep1	[32mNote[0m: adaptive worker summary: 64 probe(s); best 685 Mbps at 8 worker(s); last 13 Mbps at 1 worker(s); recent: 3w@51Mbps, 3w@77Mbps, 1w@80Mbps, 1w@48Mbps, 1w@7Mbps, 1w@8Mbps, 1w@7Mbps, 1w@10Mbps, 1w@9Mbps, 1w@11Mbps, 1w@11Mbps, 1w@13Mbps
adaptiseq-adaptive-j40	rep1	22:20:56.636 adaptiseq.batch: adaptive probe: workers=1 throughput=279.2Mbps score=-276
adaptiseq-adaptive-j40	rep1	22:21:01.637 adaptiseq.batch: adaptive probe: workers=2 throughput=238.7Mbps score=-234
adaptiseq-adaptive-j40	rep1	22:21:06.638 adaptiseq.batch: adaptive probe: workers=1 throughput=147.5Mbps score=-146
adaptiseq-adaptive-j40	rep1	22:21:11.640 adaptiseq.batch: adaptive probe: workers=2 throughput=48.2Mbps score=-47
adaptiseq-adaptive-j40	rep1	22:21:16.642 adaptiseq.batch: adaptive probe: workers=1 throughput=37.0Mbps score=-37
adaptiseq-adaptive-j40	rep1	22:21:21.643 adaptiseq.batch: adaptive probe: workers=2 throughput=40.4Mbps score=-40
adaptiseq-adaptive-j40	rep1	22:21:26.644 adaptiseq.batch: adaptive probe: workers=3 throughput=235.4Mbps score=-229
adaptiseq-adaptive-j40	rep1	22:21:31.645 adaptiseq.batch: adaptive probe: workers=8 throughput=755.4Mbps score=-698
adaptiseq-adaptive-j40	rep1	22:21:36.646 adaptiseq.batch: adaptive probe: workers=11 throughput=956.9Mbps score=-858
adaptiseq-adaptive-j40	rep1	22:21:41.647 adaptiseq.batch: adaptive probe: workers=12 throughput=859.1Mbps score=-762
adaptiseq-adaptive-j40	rep1	22:21:46.649 adaptiseq.batch: adaptive probe: workers=11 throughput=539.5Mbps score=-484
adaptiseq-adaptive-j40	rep1	22:21:51.650 adaptiseq.batch: adaptive probe: workers=15 throughput=219.3Mbps score=-189
adaptiseq-adaptive-j40	rep1	22:21:56.651 adaptiseq.batch: adaptive probe: workers=13 throughput=473.9Mbps score=-416
adaptiseq-adaptive-j40	rep1	22:22:01.652 adaptiseq.batch: adaptive probe: workers=8 throughput=331.1Mbps score=-306
adaptiseq-adaptive-j40	rep1	22:22:06.653 adaptiseq.batch: adaptive probe: workers=9 throughput=231.7Mbps score=-212
adaptiseq-adaptive-j40	rep1	22:22:11.654 adaptiseq.batch: adaptive probe: workers=6 throughput=130.1Mbps score=-123
adaptiseq-adaptive-j40	rep1	22:22:16.656 adaptiseq.batch: adaptive probe: workers=7 throughput=132.1Mbps score=-123
adaptiseq-adaptive-j40	rep1	22:22:21.657 adaptiseq.batch: adaptive probe: workers=7 throughput=128.7Mbps score=-120
adaptiseq-adaptive-j40	rep1	22:22:26.658 adaptiseq.batch: adaptive probe: workers=6 throughput=120.2Mbps score=-113
adaptiseq-adaptive-j40	rep1	22:22:31.659 adaptiseq.batch: adaptive probe: workers=7 throughput=135.0Mbps score=-126
adaptiseq-adaptive-j40	rep1	22:22:36.660 adaptiseq.batch: adaptive probe: workers=8 throughput=89.6Mbps score=-83
adaptiseq-adaptive-j40	rep1	22:22:41.661 adaptiseq.batch: adaptive probe: workers=5 throughput=79.9Mbps score=-76
adaptiseq-adaptive-j40	rep1	22:22:46.662 adaptiseq.batch: adaptive probe: workers=6 throughput=90.9Mbps score=-86
adaptiseq-adaptive-j40	rep1	22:22:51.663 adaptiseq.batch: adaptive probe: workers=5 throughput=152.6Mbps score=-145
adaptiseq-adaptive-j40	rep1	22:22:56.665 adaptiseq.batch: adaptive probe: workers=5 throughput=151.5Mbps score=-144
adaptiseq-adaptive-j40	rep1	22:23:01.667 adaptiseq.batch: adaptive probe: workers=3 throughput=197.2Mbps score=-191
adaptiseq-adaptive-j40	rep1	22:23:06.668 adaptiseq.batch: adaptive probe: workers=3 throughput=115.8Mbps score=-112
adaptiseq-adaptive-j40	rep1	22:23:11.669 adaptiseq.batch: adaptive probe: workers=3 throughput=83.6Mbps score=-81
adaptiseq-adaptive-j40	rep1	22:23:16.671 adaptiseq.batch: adaptive probe: workers=1 throughput=52.2Mbps score=-52
adaptiseq-adaptive-j40	rep1	[32mNote[0m: adaptive worker summary: 29 probe(s); best 957 Mbps at 11 worker(s); last 52 Mbps at 1 worker(s); recent: 7w@129Mbps, 6w@120Mbps, 7w@135Mbps, 8w@90Mbps, 5w@80Mbps, 6w@91Mbps, 5w@153Mbps, 5w@151Mbps, 3w@197Mbps, 3w@116Mbps, 3w@84Mbps, 1w@52Mbps
adaptiseq-adaptive-j20	rep2	00:03:21.960 adaptiseq.batch: adaptive probe: workers=1 throughput=281.4Mbps score=-279
adaptiseq-adaptive-j20	rep2	00:03:26.963 adaptiseq.batch: adaptive probe: workers=2 throughput=161.0Mbps score=-158
adaptiseq-adaptive-j20	rep2	00:03:31.964 adaptiseq.batch: adaptive probe: workers=1 throughput=140.0Mbps score=-139
adaptiseq-adaptive-j20	rep2	00:03:36.967 adaptiseq.batch: adaptive probe: workers=2 throughput=63.8Mbps score=-63
adaptiseq-adaptive-j20	rep2	00:03:41.969 adaptiseq.batch: adaptive probe: workers=1 throughput=40.9Mbps score=-41
adaptiseq-adaptive-j20	rep2	00:03:46.970 adaptiseq.batch: adaptive probe: workers=2 throughput=29.9Mbps score=-29
adaptiseq-adaptive-j20	rep2	00:03:51.973 adaptiseq.batch: adaptive probe: workers=1 throughput=25.0Mbps score=-25
adaptiseq-adaptive-j20	rep2	00:03:56.975 adaptiseq.batch: adaptive probe: workers=2 throughput=26.7Mbps score=-26
adaptiseq-adaptive-j20	rep2	00:04:01.976 adaptiseq.batch: adaptive probe: workers=3 throughput=83.0Mbps score=-81
adaptiseq-adaptive-j20	rep2	00:04:06.979 adaptiseq.batch: adaptive probe: workers=8 throughput=501.4Mbps score=-463
adaptiseq-adaptive-j20	rep2	00:04:11.979 adaptiseq.batch: adaptive probe: workers=8 throughput=556.3Mbps score=-514
adaptiseq-adaptive-j20	rep2	00:04:16.981 adaptiseq.batch: adaptive probe: workers=9 throughput=403.9Mbps score=-369
adaptiseq-adaptive-j20	rep2	00:04:21.982 adaptiseq.batch: adaptive probe: workers=6 throughput=353.2Mbps score=-333
adaptiseq-adaptive-j20	rep2	00:04:26.982 adaptiseq.batch: adaptive probe: workers=7 throughput=278.6Mbps score=-260
adaptiseq-adaptive-j20	rep2	00:04:31.984 adaptiseq.batch: adaptive probe: workers=5 throughput=154.6Mbps score=-147
adaptiseq-adaptive-j20	rep2	00:04:36.985 adaptiseq.batch: adaptive probe: workers=6 throughput=96.8Mbps score=-91
adaptiseq-adaptive-j20	rep2	00:04:41.987 adaptiseq.batch: adaptive probe: workers=4 throughput=85.8Mbps score=-82
adaptiseq-adaptive-j20	rep2	00:04:46.988 adaptiseq.batch: adaptive probe: workers=5 throughput=76.1Mbps score=-72
adaptiseq-adaptive-j20	rep2	00:04:51.990 adaptiseq.batch: adaptive probe: workers=4 throughput=85.3Mbps score=-82
adaptiseq-adaptive-j20	rep2	00:04:56.992 adaptiseq.batch: adaptive probe: workers=3 throughput=104.0Mbps score=-101
adaptiseq-adaptive-j20	rep2	00:05:01.993 adaptiseq.batch: adaptive probe: workers=2 throughput=72.4Mbps score=-71
adaptiseq-adaptive-j20	rep2	00:05:06.994 adaptiseq.batch: adaptive probe: workers=3 throughput=64.1Mbps score=-62
adaptiseq-adaptive-j20	rep2	00:05:11.995 adaptiseq.batch: adaptive probe: workers=2 throughput=65.1Mbps score=-64
adaptiseq-adaptive-j20	rep2	00:05:16.998 adaptiseq.batch: adaptive probe: workers=1 throughput=56.6Mbps score=-56
adaptiseq-adaptive-j20	rep2	00:05:21.999 adaptiseq.batch: adaptive probe: workers=2 throughput=60.8Mbps score=-60
adaptiseq-adaptive-j20	rep2	00:05:27.001 adaptiseq.batch: adaptive probe: workers=3 throughput=156.0Mbps score=-151
adaptiseq-adaptive-j20	rep2	00:05:32.003 adaptiseq.batch: adaptive probe: workers=8 throughput=407.8Mbps score=-377
adaptiseq-adaptive-j20	rep2	00:05:37.005 adaptiseq.batch: adaptive probe: workers=10 throughput=179.0Mbps score=-162
adaptiseq-adaptive-j20	rep2	00:05:42.006 adaptiseq.batch: adaptive probe: workers=7 throughput=157.0Mbps score=-146
adaptiseq-adaptive-j20	rep2	00:05:47.009 adaptiseq.batch: adaptive probe: workers=8 throughput=135.4Mbps score=-125
adaptiseq-adaptive-j20	rep2	00:05:52.010 adaptiseq.batch: adaptive probe: workers=7 throughput=110.7Mbps score=-103
adaptiseq-adaptive-j20	rep2	00:05:57.011 adaptiseq.batch: adaptive probe: workers=8 throughput=311.5Mbps score=-288
adaptiseq-adaptive-j20	rep2	00:06:02.012 adaptiseq.batch: adaptive probe: workers=9 throughput=281.9Mbps score=-258
adaptiseq-adaptive-j20	rep2	00:06:07.014 adaptiseq.batch: adaptive probe: workers=8 throughput=194.4Mbps score=-180
adaptiseq-adaptive-j20	rep2	00:06:12.015 adaptiseq.batch: adaptive probe: workers=8 throughput=147.6Mbps score=-136
adaptiseq-adaptive-j20	rep2	00:06:17.016 adaptiseq.batch: adaptive probe: workers=7 throughput=160.7Mbps score=-150
adaptiseq-adaptive-j20	rep2	00:06:22.017 adaptiseq.batch: adaptive probe: workers=6 throughput=108.5Mbps score=-102
adaptiseq-adaptive-j20	rep2	00:06:27.019 adaptiseq.batch: adaptive probe: workers=6 throughput=53.6Mbps score=-50
adaptiseq-adaptive-j20	rep2	00:06:32.020 adaptiseq.batch: adaptive probe: workers=6 throughput=48.5Mbps score=-46
adaptiseq-adaptive-j20	rep2	00:06:37.022 adaptiseq.batch: adaptive probe: workers=6 throughput=41.6Mbps score=-39
adaptiseq-adaptive-j20	rep2	00:06:42.024 adaptiseq.batch: adaptive probe: workers=6 throughput=39.0Mbps score=-37
adaptiseq-adaptive-j20	rep2	00:06:47.025 adaptiseq.batch: adaptive probe: workers=6 throughput=73.3Mbps score=-69
adaptiseq-adaptive-j20	rep2	00:06:52.026 adaptiseq.batch: adaptive probe: workers=5 throughput=48.7Mbps score=-46
adaptiseq-adaptive-j20	rep2	00:06:57.028 adaptiseq.batch: adaptive probe: workers=5 throughput=39.7Mbps score=-38
adaptiseq-adaptive-j20	rep2	00:07:02.032 adaptiseq.batch: adaptive probe: workers=4 throughput=48.9Mbps score=-47
adaptiseq-adaptive-j20	rep2	00:07:07.034 adaptiseq.batch: adaptive probe: workers=4 throughput=72.3Mbps score=-69
adaptiseq-adaptive-j20	rep2	00:07:12.036 adaptiseq.batch: adaptive probe: workers=4 throughput=63.7Mbps score=-61
adaptiseq-adaptive-j20	rep2	00:07:17.037 adaptiseq.batch: adaptive probe: workers=4 throughput=38.3Mbps score=-37
adaptiseq-adaptive-j20	rep2	00:07:22.039 adaptiseq.batch: adaptive probe: workers=4 throughput=78.7Mbps score=-76
adaptiseq-adaptive-j20	rep2	00:07:27.041 adaptiseq.batch: adaptive probe: workers=3 throughput=56.8Mbps score=-55
adaptiseq-adaptive-j20	rep2	00:07:32.042 adaptiseq.batch: adaptive probe: workers=2 throughput=58.7Mbps score=-58
adaptiseq-adaptive-j20	rep2	00:07:37.043 adaptiseq.batch: adaptive probe: workers=2 throughput=15.8Mbps score=-15
adaptiseq-adaptive-j20	rep2	00:07:42.045 adaptiseq.batch: adaptive probe: workers=2 throughput=17.4Mbps score=-17
adaptiseq-adaptive-j20	rep2	00:07:47.047 adaptiseq.batch: adaptive probe: workers=2 throughput=18.4Mbps score=-18
adaptiseq-adaptive-j20	rep2	00:07:52.049 adaptiseq.batch: adaptive probe: workers=1 throughput=43.3Mbps score=-43
adaptiseq-adaptive-j20	rep2	00:07:57.050 adaptiseq.batch: adaptive probe: workers=1 throughput=7.5Mbps score=-7
adaptiseq-adaptive-j20	rep2	00:08:02.051 adaptiseq.batch: adaptive probe: workers=1 throughput=24.2Mbps score=-24
adaptiseq-adaptive-j20	rep2	00:08:07.053 adaptiseq.batch: adaptive probe: workers=1 throughput=28.4Mbps score=-28
adaptiseq-adaptive-j20	rep2	00:08:12.055 adaptiseq.batch: adaptive probe: workers=1 throughput=17.1Mbps score=-17
adaptiseq-adaptive-j20	rep2	[32mNote[0m: adaptive worker summary: 59 probe(s); best 556 Mbps at 8 worker(s); last 17 Mbps at 1 worker(s); recent: 4w@38Mbps, 4w@79Mbps, 3w@57Mbps, 2w@59Mbps, 2w@16Mbps, 2w@17Mbps, 2w@18Mbps, 1w@43Mbps, 1w@8Mbps, 1w@24Mbps, 1w@28Mbps, 1w@17Mbps
adaptiseq-adaptive-j40	rep2	00:39:50.067 adaptiseq.batch: adaptive probe: workers=1 throughput=162.4Mbps score=-161
adaptiseq-adaptive-j40	rep2	00:39:55.069 adaptiseq.batch: adaptive probe: workers=2 throughput=64.9Mbps score=-64
adaptiseq-adaptive-j40	rep2	00:40:00.071 adaptiseq.batch: adaptive probe: workers=1 throughput=46.6Mbps score=-46
adaptiseq-adaptive-j40	rep2	00:40:05.072 adaptiseq.batch: adaptive probe: workers=2 throughput=19.1Mbps score=-19
adaptiseq-adaptive-j40	rep2	00:40:10.073 adaptiseq.batch: adaptive probe: workers=1 throughput=19.8Mbps score=-20
adaptiseq-adaptive-j40	rep2	00:40:15.075 adaptiseq.batch: adaptive probe: workers=1 throughput=23.8Mbps score=-24
adaptiseq-adaptive-j40	rep2	00:40:20.077 adaptiseq.batch: adaptive probe: workers=2 throughput=44.8Mbps score=-44
adaptiseq-adaptive-j40	rep2	00:40:25.078 adaptiseq.batch: adaptive probe: workers=4 throughput=104.9Mbps score=-101
adaptiseq-adaptive-j40	rep2	00:40:30.079 adaptiseq.batch: adaptive probe: workers=7 throughput=267.6Mbps score=-250
adaptiseq-adaptive-j40	rep2	00:40:35.081 adaptiseq.batch: adaptive probe: workers=10 throughput=536.1Mbps score=-485
adaptiseq-adaptive-j40	rep2	00:40:40.083 adaptiseq.batch: adaptive probe: workers=10 throughput=459.8Mbps score=-416
adaptiseq-adaptive-j40	rep2	00:40:45.084 adaptiseq.batch: adaptive probe: workers=9 throughput=329.9Mbps score=-302
adaptiseq-adaptive-j40	rep2	00:40:50.085 adaptiseq.batch: adaptive probe: workers=11 throughput=302.5Mbps score=-271
adaptiseq-adaptive-j40	rep2	00:40:55.087 adaptiseq.batch: adaptive probe: workers=10 throughput=220.6Mbps score=-200
adaptiseq-adaptive-j40	rep2	00:41:00.088 adaptiseq.batch: adaptive probe: workers=13 throughput=245.5Mbps score=-216
adaptiseq-adaptive-j40	rep2	00:41:05.089 adaptiseq.batch: adaptive probe: workers=14 throughput=263.7Mbps score=-229
adaptiseq-adaptive-j40	rep2	00:41:10.090 adaptiseq.batch: adaptive probe: workers=15 throughput=151.9Mbps score=-131
adaptiseq-adaptive-j40	rep2	00:41:15.092 adaptiseq.batch: adaptive probe: workers=10 throughput=153.3Mbps score=-139
adaptiseq-adaptive-j40	rep2	00:41:20.092 adaptiseq.batch: adaptive probe: workers=9 throughput=136.9Mbps score=-125
adaptiseq-adaptive-j40	rep2	00:41:25.094 adaptiseq.batch: adaptive probe: workers=10 throughput=127.5Mbps score=-115
adaptiseq-adaptive-j40	rep2	00:41:30.095 adaptiseq.batch: adaptive probe: workers=9 throughput=124.9Mbps score=-114
adaptiseq-adaptive-j40	rep2	00:41:35.097 adaptiseq.batch: adaptive probe: workers=10 throughput=91.4Mbps score=-83
adaptiseq-adaptive-j40	rep2	00:41:40.098 adaptiseq.batch: adaptive probe: workers=7 throughput=78.5Mbps score=-73
adaptiseq-adaptive-j40	rep2	00:41:45.100 adaptiseq.batch: adaptive probe: workers=8 throughput=89.7Mbps score=-83
adaptiseq-adaptive-j40	rep2	00:41:50.101 adaptiseq.batch: adaptive probe: workers=9 throughput=94.3Mbps score=-86
adaptiseq-adaptive-j40	rep2	00:41:55.103 adaptiseq.batch: adaptive probe: workers=10 throughput=137.3Mbps score=-124
adaptiseq-adaptive-j40	rep2	00:42:00.104 adaptiseq.batch: adaptive probe: workers=10 throughput=96.2Mbps score=-87
adaptiseq-adaptive-j40	rep2	00:42:05.106 adaptiseq.batch: adaptive probe: workers=9 throughput=133.1Mbps score=-122
adaptiseq-adaptive-j40	rep2	00:42:10.107 adaptiseq.batch: adaptive probe: workers=8 throughput=137.9Mbps score=-127
adaptiseq-adaptive-j40	rep2	00:42:15.109 adaptiseq.batch: adaptive probe: workers=7 throughput=99.1Mbps score=-92
adaptiseq-adaptive-j40	rep2	00:42:20.110 adaptiseq.batch: adaptive probe: workers=9 throughput=82.0Mbps score=-75
adaptiseq-adaptive-j40	rep2	00:42:25.112 adaptiseq.batch: adaptive probe: workers=8 throughput=88.5Mbps score=-82
adaptiseq-adaptive-j40	rep2	00:42:30.114 adaptiseq.batch: adaptive probe: workers=7 throughput=100.5Mbps score=-94
adaptiseq-adaptive-j40	rep2	00:42:35.116 adaptiseq.batch: adaptive probe: workers=6 throughput=106.1Mbps score=-100
adaptiseq-adaptive-j40	rep2	00:42:40.117 adaptiseq.batch: adaptive probe: workers=5 throughput=82.5Mbps score=-78
adaptiseq-adaptive-j40	rep2	00:42:45.118 adaptiseq.batch: adaptive probe: workers=6 throughput=78.3Mbps score=-74
adaptiseq-adaptive-j40	rep2	00:42:50.120 adaptiseq.batch: adaptive probe: workers=5 throughput=74.0Mbps score=-70
adaptiseq-adaptive-j40	rep2	00:42:55.122 adaptiseq.batch: adaptive probe: workers=6 throughput=62.0Mbps score=-58
adaptiseq-adaptive-j40	rep2	00:43:00.124 adaptiseq.batch: adaptive probe: workers=5 throughput=55.2Mbps score=-52
adaptiseq-adaptive-j40	rep2	00:43:05.125 adaptiseq.batch: adaptive probe: workers=6 throughput=51.0Mbps score=-48
adaptiseq-adaptive-j40	rep2	00:43:10.126 adaptiseq.batch: adaptive probe: workers=5 throughput=54.6Mbps score=-52
adaptiseq-adaptive-j40	rep2	00:43:15.127 adaptiseq.batch: adaptive probe: workers=4 throughput=52.2Mbps score=-50
adaptiseq-adaptive-j40	rep2	00:43:20.128 adaptiseq.batch: adaptive probe: workers=5 throughput=90.6Mbps score=-86
adaptiseq-adaptive-j40	rep2	00:43:25.130 adaptiseq.batch: adaptive probe: workers=5 throughput=40.1Mbps score=-38
adaptiseq-adaptive-j40	rep2	00:43:30.131 adaptiseq.batch: adaptive probe: workers=5 throughput=41.1Mbps score=-39
adaptiseq-adaptive-j40	rep2	00:43:35.133 adaptiseq.batch: adaptive probe: workers=5 throughput=55.8Mbps score=-53
adaptiseq-adaptive-j40	rep2	00:43:40.133 adaptiseq.batch: adaptive probe: workers=4 throughput=47.7Mbps score=-46
adaptiseq-adaptive-j40	rep2	00:43:45.135 adaptiseq.batch: adaptive probe: workers=5 throughput=37.7Mbps score=-36
adaptiseq-adaptive-j40	rep2	00:43:50.136 adaptiseq.batch: adaptive probe: workers=4 throughput=37.8Mbps score=-36
adaptiseq-adaptive-j40	rep2	00:43:55.139 adaptiseq.batch: adaptive probe: workers=4 throughput=36.6Mbps score=-35
adaptiseq-adaptive-j40	rep2	00:44:00.141 adaptiseq.batch: adaptive probe: workers=3 throughput=47.2Mbps score=-46
adaptiseq-adaptive-j40	rep2	00:44:05.142 adaptiseq.batch: adaptive probe: workers=2 throughput=44.8Mbps score=-44
adaptiseq-adaptive-j40	rep2	00:44:10.144 adaptiseq.batch: adaptive probe: workers=3 throughput=38.7Mbps score=-38
adaptiseq-adaptive-j40	rep2	00:44:15.145 adaptiseq.batch: adaptive probe: workers=2 throughput=38.6Mbps score=-38
adaptiseq-adaptive-j40	rep2	00:44:20.147 adaptiseq.batch: adaptive probe: workers=2 throughput=44.1Mbps score=-43
adaptiseq-adaptive-j40	rep2	00:44:25.149 adaptiseq.batch: adaptive probe: workers=3 throughput=30.6Mbps score=-30
adaptiseq-adaptive-j40	rep2	00:44:30.151 adaptiseq.batch: adaptive probe: workers=2 throughput=32.0Mbps score=-31
adaptiseq-adaptive-j40	rep2	00:44:35.152 adaptiseq.batch: adaptive probe: workers=1 throughput=39.3Mbps score=-39
adaptiseq-adaptive-j40	rep2	00:44:40.155 adaptiseq.batch: adaptive probe: workers=1 throughput=46.0Mbps score=-46
adaptiseq-adaptive-j40	rep2	00:44:45.157 adaptiseq.batch: adaptive probe: workers=2 throughput=40.3Mbps score=-39
adaptiseq-adaptive-j40	rep2	00:44:50.159 adaptiseq.batch: adaptive probe: workers=1 throughput=40.7Mbps score=-40
adaptiseq-adaptive-j40	rep2	00:44:55.159 adaptiseq.batch: adaptive probe: workers=1 throughput=43.7Mbps score=-43
adaptiseq-adaptive-j40	rep2	00:45:00.161 adaptiseq.batch: adaptive probe: workers=2 throughput=34.0Mbps score=-33
adaptiseq-adaptive-j40	rep2	00:45:05.162 adaptiseq.batch: adaptive probe: workers=1 throughput=37.2Mbps score=-37
adaptiseq-adaptive-j40	rep2	00:45:10.163 adaptiseq.batch: adaptive probe: workers=1 throughput=46.0Mbps score=-46
adaptiseq-adaptive-j40	rep2	00:45:15.165 adaptiseq.batch: adaptive probe: workers=2 throughput=41.2Mbps score=-40
adaptiseq-adaptive-j40	rep2	00:45:20.167 adaptiseq.batch: adaptive probe: workers=1 throughput=38.2Mbps score=-38
adaptiseq-adaptive-j40	rep2	00:45:25.168 adaptiseq.batch: adaptive probe: workers=2 throughput=26.2Mbps score=-26
adaptiseq-adaptive-j40	rep2	00:45:30.170 adaptiseq.batch: adaptive probe: workers=1 throughput=22.9Mbps score=-23
adaptiseq-adaptive-j40	rep2	00:45:35.171 adaptiseq.batch: adaptive probe: workers=2 throughput=16.4Mbps score=-16
adaptiseq-adaptive-j40	rep2	00:45:40.172 adaptiseq.batch: adaptive probe: workers=1 throughput=15.8Mbps score=-16
adaptiseq-adaptive-j40	rep2	00:45:45.173 adaptiseq.batch: adaptive probe: workers=1 throughput=19.8Mbps score=-20
adaptiseq-adaptive-j40	rep2	00:45:50.174 adaptiseq.batch: adaptive probe: workers=2 throughput=19.1Mbps score=-19
adaptiseq-adaptive-j40	rep2	00:45:55.176 adaptiseq.batch: adaptive probe: workers=1 throughput=16.6Mbps score=-16
adaptiseq-adaptive-j40	rep2	00:46:00.177 adaptiseq.batch: adaptive probe: workers=2 throughput=20.5Mbps score=-20
adaptiseq-adaptive-j40	rep2	00:46:05.178 adaptiseq.batch: adaptive probe: workers=3 throughput=41.4Mbps score=-40
adaptiseq-adaptive-j40	rep2	00:46:10.180 adaptiseq.batch: adaptive probe: workers=3 throughput=42.6Mbps score=-41
adaptiseq-adaptive-j40	rep2	00:46:15.182 adaptiseq.batch: adaptive probe: workers=2 throughput=30.2Mbps score=-30
adaptiseq-adaptive-j40	rep2	00:46:20.183 adaptiseq.batch: adaptive probe: workers=2 throughput=14.9Mbps score=-15
adaptiseq-adaptive-j40	rep2	00:46:25.184 adaptiseq.batch: adaptive probe: workers=2 throughput=13.5Mbps score=-13
adaptiseq-adaptive-j40	rep2	00:46:30.186 adaptiseq.batch: adaptive probe: workers=1 throughput=18.1Mbps score=-18
adaptiseq-adaptive-j40	rep2	00:46:35.187 adaptiseq.batch: adaptive probe: workers=1 throughput=6.3Mbps score=-6
adaptiseq-adaptive-j40	rep2	00:46:40.191 adaptiseq.batch: adaptive probe: workers=1 throughput=4.7Mbps score=-5
adaptiseq-adaptive-j40	rep2	00:46:45.193 adaptiseq.batch: adaptive probe: workers=1 throughput=4.9Mbps score=-5
adaptiseq-adaptive-j40	rep2	00:46:50.195 adaptiseq.batch: adaptive probe: workers=1 throughput=5.0Mbps score=-5
adaptiseq-adaptive-j40	rep2	00:46:55.197 adaptiseq.batch: adaptive probe: workers=1 throughput=5.9Mbps score=-6
adaptiseq-adaptive-j40	rep2	00:47:00.198 adaptiseq.batch: adaptive probe: workers=1 throughput=4.7Mbps score=-5
adaptiseq-adaptive-j40	rep2	[32mNote[0m: adaptive worker summary: 87 probe(s); best 536 Mbps at 10 worker(s); last 5 Mbps at 1 worker(s); recent: 3w@41Mbps, 3w@43Mbps, 2w@30Mbps, 2w@15Mbps, 2w@13Mbps, 1w@18Mbps, 1w@6Mbps, 1w@5Mbps, 1w@5Mbps, 1w@5Mbps, 1w@6Mbps, 1w@5Mbps
adaptiseq-adaptive-j40	rep3	02:10:43.105 adaptiseq.batch: adaptive probe: workers=1 throughput=76.1Mbps score=-75
adaptiseq-adaptive-j40	rep3	02:10:48.106 adaptiseq.batch: adaptive probe: workers=2 throughput=76.9Mbps score=-75
adaptiseq-adaptive-j40	rep3	02:10:53.108 adaptiseq.batch: adaptive probe: workers=2 throughput=60.5Mbps score=-59
adaptiseq-adaptive-j40	rep3	02:10:58.110 adaptiseq.batch: adaptive probe: workers=1 throughput=32.2Mbps score=-32
adaptiseq-adaptive-j40	rep3	02:11:03.111 adaptiseq.batch: adaptive probe: workers=2 throughput=23.4Mbps score=-23
adaptiseq-adaptive-j40	rep3	02:11:08.113 adaptiseq.batch: adaptive probe: workers=1 throughput=19.0Mbps score=-19
adaptiseq-adaptive-j40	rep3	02:11:13.115 adaptiseq.batch: adaptive probe: workers=2 throughput=19.1Mbps score=-19
adaptiseq-adaptive-j40	rep3	02:11:18.117 adaptiseq.batch: adaptive probe: workers=2 throughput=29.5Mbps score=-29
adaptiseq-adaptive-j40	rep3	02:11:23.118 adaptiseq.batch: adaptive probe: workers=3 throughput=116.6Mbps score=-113
adaptiseq-adaptive-j40	rep3	02:11:28.121 adaptiseq.batch: adaptive probe: workers=8 throughput=452.3Mbps score=-418
adaptiseq-adaptive-j40	rep3	02:11:33.122 adaptiseq.batch: adaptive probe: workers=8 throughput=841.1Mbps score=-777
adaptiseq-adaptive-j40	rep3	02:11:38.124 adaptiseq.batch: adaptive probe: workers=13 throughput=1068.6Mbps score=-939
adaptiseq-adaptive-j40	rep3	02:11:43.126 adaptiseq.batch: adaptive probe: workers=14 throughput=478.0Mbps score=-416
adaptiseq-adaptive-j40	rep3	02:11:48.128 adaptiseq.batch: adaptive probe: workers=9 throughput=298.5Mbps score=-273
adaptiseq-adaptive-j40	rep3	02:11:53.129 adaptiseq.batch: adaptive probe: workers=10 throughput=198.6Mbps score=-180
adaptiseq-adaptive-j40	rep3	02:11:58.130 adaptiseq.batch: adaptive probe: workers=7 throughput=319.7Mbps score=-298
adaptiseq-adaptive-j40	rep3	02:12:03.132 adaptiseq.batch: adaptive probe: workers=5 throughput=217.9Mbps score=-207
adaptiseq-adaptive-j40	rep3	02:12:08.133 adaptiseq.batch: adaptive probe: workers=6 throughput=172.6Mbps score=-163
adaptiseq-adaptive-j40	rep3	02:12:13.135 adaptiseq.batch: adaptive probe: workers=5 throughput=135.1Mbps score=-129
adaptiseq-adaptive-j40	rep3	02:12:18.136 adaptiseq.batch: adaptive probe: workers=6 throughput=166.7Mbps score=-157
adaptiseq-adaptive-j40	rep3	02:12:23.139 adaptiseq.batch: adaptive probe: workers=7 throughput=160.2Mbps score=-149
adaptiseq-adaptive-j40	rep3	02:12:28.140 adaptiseq.batch: adaptive probe: workers=6 throughput=126.8Mbps score=-119
adaptiseq-adaptive-j40	rep3	02:12:33.142 adaptiseq.batch: adaptive probe: workers=7 throughput=89.8Mbps score=-84
adaptiseq-adaptive-j40	rep3	02:12:38.144 adaptiseq.batch: adaptive probe: workers=5 throughput=101.5Mbps score=-97
adaptiseq-adaptive-j40	rep3	02:12:43.146 adaptiseq.batch: adaptive probe: workers=4 throughput=123.1Mbps score=-118
adaptiseq-adaptive-j40	rep3	02:12:48.146 adaptiseq.batch: adaptive probe: workers=3 throughput=94.8Mbps score=-92
adaptiseq-adaptive-j40	rep3	02:12:53.149 adaptiseq.batch: adaptive probe: workers=4 throughput=80.5Mbps score=-77
adaptiseq-adaptive-j40	rep3	02:12:58.150 adaptiseq.batch: adaptive probe: workers=3 throughput=76.0Mbps score=-74
adaptiseq-adaptive-j40	rep3	02:13:03.151 adaptiseq.batch: adaptive probe: workers=4 throughput=71.2Mbps score=-68
adaptiseq-adaptive-j40	rep3	02:13:08.153 adaptiseq.batch: adaptive probe: workers=3 throughput=56.6Mbps score=-55
adaptiseq-adaptive-j40	rep3	02:13:13.155 adaptiseq.batch: adaptive probe: workers=4 throughput=48.1Mbps score=-46
adaptiseq-adaptive-j40	rep3	02:13:18.156 adaptiseq.batch: adaptive probe: workers=3 throughput=58.7Mbps score=-57
adaptiseq-adaptive-j40	rep3	02:13:23.157 adaptiseq.batch: adaptive probe: workers=2 throughput=110.1Mbps score=-108
adaptiseq-adaptive-j40	rep3	02:13:28.159 adaptiseq.batch: adaptive probe: workers=1 throughput=127.4Mbps score=-126
adaptiseq-adaptive-j40	rep3	02:13:33.161 adaptiseq.batch: adaptive probe: workers=1 throughput=110.1Mbps score=-109
adaptiseq-adaptive-j40	rep3	02:13:38.163 adaptiseq.batch: adaptive probe: workers=1 throughput=74.1Mbps score=-73
adaptiseq-adaptive-j40	rep3	02:13:43.163 adaptiseq.batch: adaptive probe: workers=1 throughput=77.2Mbps score=-76
adaptiseq-adaptive-j40	rep3	02:13:48.164 adaptiseq.batch: adaptive probe: workers=2 throughput=84.2Mbps score=-83
adaptiseq-adaptive-j40	rep3	02:13:53.165 adaptiseq.batch: adaptive probe: workers=3 throughput=80.4Mbps score=-78
adaptiseq-adaptive-j40	rep3	02:13:58.166 adaptiseq.batch: adaptive probe: workers=2 throughput=57.9Mbps score=-57
adaptiseq-adaptive-j40	rep3	02:14:03.167 adaptiseq.batch: adaptive probe: workers=3 throughput=42.6Mbps score=-41
adaptiseq-adaptive-j40	rep3	02:14:08.169 adaptiseq.batch: adaptive probe: workers=2 throughput=59.3Mbps score=-58
adaptiseq-adaptive-j40	rep3	02:14:13.169 adaptiseq.batch: adaptive probe: workers=1 throughput=64.5Mbps score=-64
adaptiseq-adaptive-j40	rep3	02:14:18.170 adaptiseq.batch: adaptive probe: workers=1 throughput=43.5Mbps score=-43
adaptiseq-adaptive-j40	rep3	02:14:23.172 adaptiseq.batch: adaptive probe: workers=1 throughput=21.7Mbps score=-22
adaptiseq-adaptive-j40	rep3	02:14:28.174 adaptiseq.batch: adaptive probe: workers=1 throughput=14.1Mbps score=-14
adaptiseq-adaptive-j40	rep3	02:14:33.176 adaptiseq.batch: adaptive probe: workers=1 throughput=15.1Mbps score=-15
adaptiseq-adaptive-j40	rep3	02:14:38.178 adaptiseq.batch: adaptive probe: workers=2 throughput=15.8Mbps score=-16
adaptiseq-adaptive-j40	rep3	02:14:43.180 adaptiseq.batch: adaptive probe: workers=2 throughput=27.0Mbps score=-26
adaptiseq-adaptive-j40	rep3	02:14:48.182 adaptiseq.batch: adaptive probe: workers=2 throughput=24.0Mbps score=-24
adaptiseq-adaptive-j40	rep3	02:14:53.183 adaptiseq.batch: adaptive probe: workers=2 throughput=20.8Mbps score=-20
adaptiseq-adaptive-j40	rep3	02:14:58.185 adaptiseq.batch: adaptive probe: workers=1 throughput=12.4Mbps score=-12
adaptiseq-adaptive-j40	rep3	02:15:03.187 adaptiseq.batch: adaptive probe: workers=1 throughput=8.2Mbps score=-8
adaptiseq-adaptive-j40	rep3	02:15:08.189 adaptiseq.batch: adaptive probe: workers=1 throughput=16.2Mbps score=-16
adaptiseq-adaptive-j40	rep3	02:15:13.190 adaptiseq.batch: adaptive probe: workers=1 throughput=12.0Mbps score=-12
adaptiseq-adaptive-j40	rep3	02:15:18.191 adaptiseq.batch: adaptive probe: workers=1 throughput=5.8Mbps score=-6
adaptiseq-adaptive-j40	rep3	02:15:23.193 adaptiseq.batch: adaptive probe: workers=1 throughput=6.2Mbps score=-6
adaptiseq-adaptive-j40	rep3	02:15:28.194 adaptiseq.batch: adaptive probe: workers=1 throughput=7.5Mbps score=-7
adaptiseq-adaptive-j40	rep3	02:15:33.195 adaptiseq.batch: adaptive probe: workers=1 throughput=9.0Mbps score=-9
adaptiseq-adaptive-j40	rep3	[32mNote[0m: adaptive worker summary: 59 probe(s); best 1069 Mbps at 13 worker(s); last 9 Mbps at 1 worker(s); recent: 2w@16Mbps, 2w@27Mbps, 2w@24Mbps, 2w@21Mbps, 1w@12Mbps, 1w@8Mbps, 1w@16Mbps, 1w@12Mbps, 1w@6Mbps, 1w@6Mbps, 1w@7Mbps, 1w@9Mbps
adaptiseq-adaptive-j20	rep3	02:32:58.735 adaptiseq.batch: adaptive probe: workers=1 throughput=246.5Mbps score=-244
adaptiseq-adaptive-j20	rep3	02:33:03.736 adaptiseq.batch: adaptive probe: workers=2 throughput=50.5Mbps score=-50
adaptiseq-adaptive-j20	rep3	02:33:08.738 adaptiseq.batch: adaptive probe: workers=1 throughput=30.7Mbps score=-30
adaptiseq-adaptive-j20	rep3	02:33:13.739 adaptiseq.batch: adaptive probe: workers=2 throughput=21.2Mbps score=-21
adaptiseq-adaptive-j20	rep3	02:33:18.741 adaptiseq.batch: adaptive probe: workers=1 throughput=12.6Mbps score=-13
adaptiseq-adaptive-j20	rep3	02:33:23.743 adaptiseq.batch: adaptive probe: workers=2 throughput=12.0Mbps score=-12
adaptiseq-adaptive-j20	rep3	02:33:28.745 adaptiseq.batch: adaptive probe: workers=1 throughput=19.0Mbps score=-19
adaptiseq-adaptive-j20	rep3	02:33:33.747 adaptiseq.batch: adaptive probe: workers=1 throughput=20.0Mbps score=-20
adaptiseq-adaptive-j20	rep3	02:33:38.748 adaptiseq.batch: adaptive probe: workers=2 throughput=16.2Mbps score=-16
adaptiseq-adaptive-j20	rep3	02:33:43.751 adaptiseq.batch: adaptive probe: workers=1 throughput=20.3Mbps score=-20
adaptiseq-adaptive-j20	rep3	02:33:48.753 adaptiseq.batch: adaptive probe: workers=1 throughput=21.5Mbps score=-21
adaptiseq-adaptive-j20	rep3	02:33:53.756 adaptiseq.batch: adaptive probe: workers=2 throughput=18.8Mbps score=-18
adaptiseq-adaptive-j20	rep3	02:33:58.758 adaptiseq.batch: adaptive probe: workers=1 throughput=15.2Mbps score=-15
adaptiseq-adaptive-j20	rep3	02:34:03.759 adaptiseq.batch: adaptive probe: workers=2 throughput=14.7Mbps score=-14
adaptiseq-adaptive-j20	rep3	02:34:08.760 adaptiseq.batch: adaptive probe: workers=1 throughput=15.7Mbps score=-16
adaptiseq-adaptive-j20	rep3	02:34:13.762 adaptiseq.batch: adaptive probe: workers=1 throughput=16.8Mbps score=-17
adaptiseq-adaptive-j20	rep3	02:34:18.764 adaptiseq.batch: adaptive probe: workers=2 throughput=26.8Mbps score=-26
adaptiseq-adaptive-j20	rep3	02:34:23.766 adaptiseq.batch: adaptive probe: workers=3 throughput=171.1Mbps score=-166
adaptiseq-adaptive-j20	rep3	02:34:28.767 adaptiseq.batch: adaptive probe: workers=8 throughput=756.3Mbps score=-698
adaptiseq-adaptive-j20	rep3	02:34:33.769 adaptiseq.batch: adaptive probe: workers=13 throughput=1275.9Mbps score=-1121
adaptiseq-adaptive-j20	rep3	02:34:38.770 adaptiseq.batch: adaptive probe: workers=13 throughput=1246.4Mbps score=-1095
adaptiseq-adaptive-j20	rep3	02:34:43.771 adaptiseq.batch: adaptive probe: workers=12 throughput=548.8Mbps score=-487
adaptiseq-adaptive-j20	rep3	02:34:48.773 adaptiseq.batch: adaptive probe: workers=11 throughput=273.8Mbps score=-245
adaptiseq-adaptive-j20	rep3	02:34:53.776 adaptiseq.batch: adaptive probe: workers=10 throughput=245.6Mbps score=-222
adaptiseq-adaptive-j20	rep3	02:34:58.776 adaptiseq.batch: adaptive probe: workers=9 throughput=223.1Mbps score=-204
adaptiseq-adaptive-j20	rep3	02:35:03.778 adaptiseq.batch: adaptive probe: workers=8 throughput=113.9Mbps score=-105
adaptiseq-adaptive-j20	rep3	02:35:08.779 adaptiseq.batch: adaptive probe: workers=8 throughput=64.0Mbps score=-59
adaptiseq-adaptive-j20	rep3	02:35:13.780 adaptiseq.batch: adaptive probe: workers=8 throughput=75.1Mbps score=-69
adaptiseq-adaptive-j20	rep3	02:35:18.782 adaptiseq.batch: adaptive probe: workers=8 throughput=85.1Mbps score=-79
adaptiseq-adaptive-j20	rep3	02:35:23.782 adaptiseq.batch: adaptive probe: workers=8 throughput=105.2Mbps score=-97
adaptiseq-adaptive-j20	rep3	02:35:28.785 adaptiseq.batch: adaptive probe: workers=8 throughput=93.0Mbps score=-86
adaptiseq-adaptive-j20	rep3	02:35:33.786 adaptiseq.batch: adaptive probe: workers=8 throughput=72.6Mbps score=-67
adaptiseq-adaptive-j20	rep3	02:35:38.788 adaptiseq.batch: adaptive probe: workers=8 throughput=60.5Mbps score=-56
adaptiseq-adaptive-j20	rep3	02:35:43.789 adaptiseq.batch: adaptive probe: workers=8 throughput=65.8Mbps score=-61
adaptiseq-adaptive-j20	rep3	02:35:48.792 adaptiseq.batch: adaptive probe: workers=7 throughput=101.4Mbps score=-95
adaptiseq-adaptive-j20	rep3	02:35:53.794 adaptiseq.batch: adaptive probe: workers=7 throughput=73.1Mbps score=-68
adaptiseq-adaptive-j20	rep3	02:35:58.796 adaptiseq.batch: adaptive probe: workers=7 throughput=77.6Mbps score=-72
adaptiseq-adaptive-j20	rep3	02:36:03.798 adaptiseq.batch: adaptive probe: workers=6 throughput=62.5Mbps score=-59
adaptiseq-adaptive-j20	rep3	02:36:08.799 adaptiseq.batch: adaptive probe: workers=6 throughput=42.6Mbps score=-40
adaptiseq-adaptive-j20	rep3	02:36:13.802 adaptiseq.batch: adaptive probe: workers=5 throughput=54.2Mbps score=-52
adaptiseq-adaptive-j20	rep3	02:36:18.803 adaptiseq.batch: adaptive probe: workers=5 throughput=63.0Mbps score=-60
adaptiseq-adaptive-j20	rep3	02:36:23.805 adaptiseq.batch: adaptive probe: workers=5 throughput=53.0Mbps score=-50
adaptiseq-adaptive-j20	rep3	02:36:28.806 adaptiseq.batch: adaptive probe: workers=5 throughput=48.4Mbps score=-46
adaptiseq-adaptive-j20	rep3	02:36:33.808 adaptiseq.batch: adaptive probe: workers=5 throughput=41.9Mbps score=-40
adaptiseq-adaptive-j20	rep3	02:36:38.809 adaptiseq.batch: adaptive probe: workers=4 throughput=44.8Mbps score=-43
adaptiseq-adaptive-j20	rep3	02:36:43.811 adaptiseq.batch: adaptive probe: workers=4 throughput=46.4Mbps score=-45
adaptiseq-adaptive-j20	rep3	02:36:48.813 adaptiseq.batch: adaptive probe: workers=3 throughput=47.9Mbps score=-46
adaptiseq-adaptive-j20	rep3	02:36:53.817 adaptiseq.batch: adaptive probe: workers=3 throughput=37.2Mbps score=-36
adaptiseq-adaptive-j20	rep3	02:36:58.819 adaptiseq.batch: adaptive probe: workers=2 throughput=23.8Mbps score=-23
adaptiseq-adaptive-j20	rep3	02:37:03.820 adaptiseq.batch: adaptive probe: workers=2 throughput=17.1Mbps score=-17
adaptiseq-adaptive-j20	rep3	02:37:08.822 adaptiseq.batch: adaptive probe: workers=2 throughput=19.5Mbps score=-19
adaptiseq-adaptive-j20	rep3	02:37:13.824 adaptiseq.batch: adaptive probe: workers=2 throughput=21.9Mbps score=-22
adaptiseq-adaptive-j20	rep3	02:37:18.825 adaptiseq.batch: adaptive probe: workers=1 throughput=16.4Mbps score=-16
adaptiseq-adaptive-j20	rep3	02:37:23.826 adaptiseq.batch: adaptive probe: workers=2 throughput=14.5Mbps score=-14
adaptiseq-adaptive-j20	rep3	02:37:28.827 adaptiseq.batch: adaptive probe: workers=1 throughput=14.7Mbps score=-15
adaptiseq-adaptive-j20	rep3	02:37:33.828 adaptiseq.batch: adaptive probe: workers=1 throughput=10.9Mbps score=-11
adaptiseq-adaptive-j20	rep3	02:37:38.829 adaptiseq.batch: adaptive probe: workers=1 throughput=7.5Mbps score=-7
adaptiseq-adaptive-j20	rep3	02:37:43.831 adaptiseq.batch: adaptive probe: workers=1 throughput=7.7Mbps score=-8
adaptiseq-adaptive-j20	rep3	02:37:48.833 adaptiseq.batch: adaptive probe: workers=1 throughput=9.5Mbps score=-9
adaptiseq-adaptive-j20	rep3	02:37:53.834 adaptiseq.batch: adaptive probe: workers=1 throughput=8.1Mbps score=-8
adaptiseq-adaptive-j20	rep3	02:37:58.836 adaptiseq.batch: adaptive probe: workers=1 throughput=12.1Mbps score=-12
adaptiseq-adaptive-j20	rep3	02:38:03.838 adaptiseq.batch: adaptive probe: workers=1 throughput=15.6Mbps score=-15
adaptiseq-adaptive-j20	rep3	02:38:08.840 adaptiseq.batch: adaptive probe: workers=1 throughput=13.1Mbps score=-13
adaptiseq-adaptive-j20	rep3	02:38:13.842 adaptiseq.batch: adaptive probe: workers=1 throughput=7.3Mbps score=-7
adaptiseq-adaptive-j20	rep3	02:38:18.845 adaptiseq.batch: adaptive probe: workers=1 throughput=8.3Mbps score=-8
adaptiseq-adaptive-j20	rep3	02:38:23.847 adaptiseq.batch: adaptive probe: workers=1 throughput=16.4Mbps score=-16
adaptiseq-adaptive-j20	rep3	02:38:28.849 adaptiseq.batch: adaptive probe: workers=1 throughput=16.5Mbps score=-16
adaptiseq-adaptive-j20	rep3	02:38:33.851 adaptiseq.batch: adaptive probe: workers=1 throughput=7.4Mbps score=-7
adaptiseq-adaptive-j20	rep3	02:38:38.852 adaptiseq.batch: adaptive probe: workers=1 throughput=7.5Mbps score=-7
adaptiseq-adaptive-j20	rep3	[32mNote[0m: adaptive worker summary: 69 probe(s); best 1276 Mbps at 13 worker(s); last 7 Mbps at 1 worker(s); recent: 1w@8Mbps, 1w@10Mbps, 1w@8Mbps, 1w@12Mbps, 1w@16Mbps, 1w@13Mbps, 1w@7Mbps, 1w@8Mbps, 1w@16Mbps, 1w@17Mbps, 1w@7Mbps, 1w@7Mbps
adaptiseq-adaptive-j20	rep1	03:44:59.400 adaptiseq.batch: adaptive probe: workers=1 throughput=558.3Mbps score=-553
adaptiseq-adaptive-j20	rep1	03:45:04.401 adaptiseq.batch: adaptive probe: workers=2 throughput=599.2Mbps score=-587
adaptiseq-adaptive-j20	rep1	03:45:09.403 adaptiseq.batch: adaptive probe: workers=3 throughput=1071.6Mbps score=-1040
adaptiseq-adaptive-j20	rep1	03:45:14.404 adaptiseq.batch: adaptive probe: workers=3 throughput=1252.3Mbps score=-1215
adaptiseq-adaptive-j20	rep1	[32mNote[0m: adaptive worker summary: 4 probe(s); best 1252 Mbps at 3 worker(s); last 1252 Mbps at 3 worker(s); recent: 1w@558Mbps, 2w@599Mbps, 3w@1072Mbps, 3w@1252Mbps
adaptiseq-adaptive-j40	rep1	03:53:28.095 adaptiseq.batch: adaptive probe: workers=1 throughput=651.9Mbps score=-645
adaptiseq-adaptive-j40	rep1	03:53:33.096 adaptiseq.batch: adaptive probe: workers=2 throughput=724.6Mbps score=-710
adaptiseq-adaptive-j40	rep1	03:53:38.098 adaptiseq.batch: adaptive probe: workers=3 throughput=1103.1Mbps score=-1071
adaptiseq-adaptive-j40	rep1	03:53:43.100 adaptiseq.batch: adaptive probe: workers=2 throughput=1096.1Mbps score=-1075
adaptiseq-adaptive-j40	rep1	03:53:48.101 adaptiseq.batch: adaptive probe: workers=1 throughput=591.8Mbps score=-586
adaptiseq-adaptive-j40	rep1	03:53:53.103 adaptiseq.batch: adaptive probe: workers=1 throughput=260.7Mbps score=-258
adaptiseq-adaptive-j40	rep1	[32mNote[0m: adaptive worker summary: 6 probe(s); best 1103 Mbps at 3 worker(s); last 261 Mbps at 1 worker(s); recent: 1w@652Mbps, 2w@725Mbps, 3w@1103Mbps, 2w@1096Mbps, 1w@592Mbps, 1w@261Mbps
adaptiseq-adaptive-j20	rep2	04:48:22.014 adaptiseq.batch: adaptive probe: workers=1 throughput=584.4Mbps score=-579
adaptiseq-adaptive-j20	rep2	04:48:27.016 adaptiseq.batch: adaptive probe: workers=2 throughput=827.3Mbps score=-811
adaptiseq-adaptive-j20	rep2	04:48:32.018 adaptiseq.batch: adaptive probe: workers=3 throughput=1153.2Mbps score=-1119
adaptiseq-adaptive-j20	rep2	04:48:37.019 adaptiseq.batch: adaptive probe: workers=2 throughput=1226.7Mbps score=-1203
adaptiseq-adaptive-j20	rep2	[32mNote[0m: adaptive worker summary: 4 probe(s); best 1227 Mbps at 2 worker(s); last 1227 Mbps at 2 worker(s); recent: 1w@584Mbps, 2w@827Mbps, 3w@1153Mbps, 2w@1227Mbps
adaptiseq-adaptive-j40	rep2	05:06:21.891 adaptiseq.batch: adaptive probe: workers=1 throughput=494.1Mbps score=-489
adaptiseq-adaptive-j40	rep2	05:06:26.893 adaptiseq.batch: adaptive probe: workers=2 throughput=700.4Mbps score=-687
adaptiseq-adaptive-j40	rep2	05:06:31.894 adaptiseq.batch: adaptive probe: workers=3 throughput=1101.2Mbps score=-1069
adaptiseq-adaptive-j40	rep2	05:06:36.897 adaptiseq.batch: adaptive probe: workers=2 throughput=1557.9Mbps score=-1527
adaptiseq-adaptive-j40	rep2	[32mNote[0m: adaptive worker summary: 4 probe(s); best 1558 Mbps at 2 worker(s); last 1558 Mbps at 2 worker(s); recent: 1w@494Mbps, 2w@700Mbps, 3w@1101Mbps, 2w@1558Mbps
adaptiseq-adaptive-j40	rep3	05:53:46.429 adaptiseq.batch: adaptive probe: workers=1 throughput=614.9Mbps score=-609
adaptiseq-adaptive-j40	rep3	05:53:51.433 adaptiseq.batch: adaptive probe: workers=2 throughput=850.8Mbps score=-834
adaptiseq-adaptive-j40	rep3	05:53:56.434 adaptiseq.batch: adaptive probe: workers=3 throughput=1258.6Mbps score=-1222
adaptiseq-adaptive-j40	rep3	05:54:01.435 adaptiseq.batch: adaptive probe: workers=2 throughput=1335.9Mbps score=-1310
adaptiseq-adaptive-j40	rep3	[32mNote[0m: adaptive worker summary: 4 probe(s); best 1336 Mbps at 2 worker(s); last 1336 Mbps at 2 worker(s); recent: 1w@615Mbps, 2w@851Mbps, 3w@1259Mbps, 2w@1336Mbps
adaptiseq-adaptive-j20	rep3	06:09:48.954 adaptiseq.batch: adaptive probe: workers=1 throughput=647.7Mbps score=-641
adaptiseq-adaptive-j20	rep3	06:09:53.955 adaptiseq.batch: adaptive probe: workers=2 throughput=730.1Mbps score=-716
adaptiseq-adaptive-j20	rep3	06:09:58.956 adaptiseq.batch: adaptive probe: workers=3 throughput=1170.2Mbps score=-1136
adaptiseq-adaptive-j20	rep3	06:10:03.958 adaptiseq.batch: adaptive probe: workers=3 throughput=1210.3Mbps score=-1175
adaptiseq-adaptive-j20	rep3	[32mNote[0m: adaptive worker summary: 4 probe(s); best 1210 Mbps at 3 worker(s); last 1210 Mbps at 3 worker(s); recent: 1w@648Mbps, 2w@730Mbps, 3w@1170Mbps, 3w@1210Mbps
adaptiseq-adaptive-j20	rep1	08:02:14.374 adaptiseq.batch: adaptive probe: workers=1 throughput=930.9Mbps score=-922
adaptiseq-adaptive-j20	rep1	08:02:19.375 adaptiseq.batch: adaptive probe: workers=2 throughput=692.3Mbps score=-679
adaptiseq-adaptive-j20	rep1	08:02:24.376 adaptiseq.batch: adaptive probe: workers=1 throughput=522.0Mbps score=-517
adaptiseq-adaptive-j20	rep1	08:02:29.377 adaptiseq.batch: adaptive probe: workers=2 throughput=410.7Mbps score=-403
adaptiseq-adaptive-j20	rep1	08:02:34.379 adaptiseq.batch: adaptive probe: workers=1 throughput=246.1Mbps score=-244
adaptiseq-adaptive-j20	rep1	08:02:39.380 adaptiseq.batch: adaptive probe: workers=2 throughput=262.9Mbps score=-258
adaptiseq-adaptive-j20	rep1	08:02:44.381 adaptiseq.batch: adaptive probe: workers=3 throughput=593.6Mbps score=-576
adaptiseq-adaptive-j20	rep1	08:02:49.383 adaptiseq.batch: adaptive probe: workers=7 throughput=1794.8Mbps score=-1674
adaptiseq-adaptive-j20	rep1	08:02:54.389 adaptiseq.batch: adaptive probe: workers=10 throughput=2052.7Mbps score=-1858
adaptiseq-adaptive-j20	rep1	08:02:59.393 adaptiseq.batch: adaptive probe: workers=11 throughput=2452.9Mbps score=-2199
adaptiseq-adaptive-j20	rep1	08:03:04.395 adaptiseq.batch: adaptive probe: workers=11 throughput=1944.3Mbps score=-1743
adaptiseq-adaptive-j20	rep1	08:03:09.398 adaptiseq.batch: adaptive probe: workers=9 throughput=1565.7Mbps score=-1432
adaptiseq-adaptive-j20	rep1	08:03:14.400 adaptiseq.batch: adaptive probe: workers=10 throughput=1540.1Mbps score=-1394
adaptiseq-adaptive-j20	rep1	08:03:19.402 adaptiseq.batch: adaptive probe: workers=9 throughput=1252.3Mbps score=-1145
adaptiseq-adaptive-j20	rep1	08:03:24.581 adaptiseq.batch: adaptive probe: workers=11 throughput=1531.8Mbps score=-1373
adaptiseq-adaptive-j20	rep1	08:03:29.582 adaptiseq.batch: adaptive probe: workers=12 throughput=1444.1Mbps score=-1282
adaptiseq-adaptive-j20	rep1	08:03:34.585 adaptiseq.batch: adaptive probe: workers=11 throughput=994.4Mbps score=-891
adaptiseq-adaptive-j20	rep1	08:03:39.591 adaptiseq.batch: adaptive probe: workers=14 throughput=1392.3Mbps score=-1211
adaptiseq-adaptive-j20	rep1	08:03:44.594 adaptiseq.batch: adaptive probe: workers=14 throughput=1450.7Mbps score=-1262
adaptiseq-adaptive-j20	rep1	08:03:49.595 adaptiseq.batch: adaptive probe: workers=13 throughput=950.5Mbps score=-835
adaptiseq-adaptive-j20	rep1	08:03:54.596 adaptiseq.batch: adaptive probe: workers=7 throughput=955.6Mbps score=-891
adaptiseq-adaptive-j20	rep1	08:03:59.654 adaptiseq.batch: adaptive probe: workers=6 throughput=992.1Mbps score=-935
adaptiseq-adaptive-j20	rep1	08:04:04.657 adaptiseq.batch: adaptive probe: workers=5 throughput=1289.9Mbps score=-1227
adaptiseq-adaptive-j20	rep1	08:04:09.660 adaptiseq.batch: adaptive probe: workers=3 throughput=1448.1Mbps score=-1405
adaptiseq-adaptive-j20	rep1	08:04:14.664 adaptiseq.batch: adaptive probe: workers=2 throughput=1300.1Mbps score=-1274
adaptiseq-adaptive-j20	rep1	08:04:19.666 adaptiseq.batch: adaptive probe: workers=3 throughput=1332.0Mbps score=-1293
adaptiseq-adaptive-j20	rep1	08:04:24.668 adaptiseq.batch: adaptive probe: workers=4 throughput=1286.2Mbps score=-1236
adaptiseq-adaptive-j20	rep1	08:04:29.679 adaptiseq.batch: adaptive probe: workers=3 throughput=1206.0Mbps score=-1171
adaptiseq-adaptive-j20	rep1	08:04:34.681 adaptiseq.batch: adaptive probe: workers=4 throughput=1027.1Mbps score=-987
adaptiseq-adaptive-j20	rep1	08:04:39.689 adaptiseq.batch: adaptive probe: workers=3 throughput=907.2Mbps score=-881
adaptiseq-adaptive-j20	rep1	08:04:44.690 adaptiseq.batch: adaptive probe: workers=4 throughput=399.7Mbps score=-384
adaptiseq-adaptive-j20	rep1	08:04:49.691 adaptiseq.batch: adaptive probe: workers=2 throughput=385.3Mbps score=-378
adaptiseq-adaptive-j20	rep1	08:04:54.692 adaptiseq.batch: adaptive probe: workers=3 throughput=310.4Mbps score=-301
adaptiseq-adaptive-j20	rep1	08:04:59.693 adaptiseq.batch: adaptive probe: workers=2 throughput=252.9Mbps score=-248
adaptiseq-adaptive-j20	rep1	08:05:04.695 adaptiseq.batch: adaptive probe: workers=3 throughput=237.6Mbps score=-231
adaptiseq-adaptive-j20	rep1	08:05:09.696 adaptiseq.batch: adaptive probe: workers=2 throughput=236.2Mbps score=-232
adaptiseq-adaptive-j20	rep1	08:05:14.699 adaptiseq.batch: adaptive probe: workers=1 throughput=94.3Mbps score=-93
adaptiseq-adaptive-j20	rep1	08:05:19.701 adaptiseq.batch: adaptive probe: workers=2 throughput=179.0Mbps score=-175
adaptiseq-adaptive-j20	rep1	08:05:24.702 adaptiseq.batch: adaptive probe: workers=4 throughput=88.8Mbps score=-85
adaptiseq-adaptive-j20	rep1	08:05:29.705 adaptiseq.batch: adaptive probe: workers=3 throughput=103.5Mbps score=-100
adaptiseq-adaptive-j20	rep1	08:05:34.708 adaptiseq.batch: adaptive probe: workers=2 throughput=83.3Mbps score=-82
adaptiseq-adaptive-j20	rep1	08:05:39.710 adaptiseq.batch: adaptive probe: workers=2 throughput=8.6Mbps score=-8
adaptiseq-adaptive-j20	rep1	08:05:44.712 adaptiseq.batch: adaptive probe: workers=1 throughput=177.2Mbps score=-175
adaptiseq-adaptive-j20	rep1	08:05:49.713 adaptiseq.batch: adaptive probe: workers=1 throughput=139.2Mbps score=-138
adaptiseq-adaptive-j20	rep1	08:05:54.714 adaptiseq.batch: adaptive probe: workers=1 throughput=101.7Mbps score=-101
adaptiseq-adaptive-j20	rep1	08:05:59.716 adaptiseq.batch: adaptive probe: workers=1 throughput=14.5Mbps score=-14
adaptiseq-adaptive-j20	rep1	08:06:04.719 adaptiseq.batch: adaptive probe: workers=1 throughput=49.0Mbps score=-49
adaptiseq-adaptive-j20	rep1	08:06:09.721 adaptiseq.batch: adaptive probe: workers=1 throughput=45.5Mbps score=-45
adaptiseq-adaptive-j20	rep1	08:06:14.722 adaptiseq.batch: adaptive probe: workers=1 throughput=51.5Mbps score=-51
adaptiseq-adaptive-j20	rep1	08:06:19.724 adaptiseq.batch: adaptive probe: workers=1 throughput=43.4Mbps score=-43
adaptiseq-adaptive-j20	rep1	08:06:24.725 adaptiseq.batch: adaptive probe: workers=1 throughput=5.5Mbps score=-5
adaptiseq-adaptive-j20	rep1	08:06:29.727 adaptiseq.batch: adaptive probe: workers=1 throughput=41.9Mbps score=-42
adaptiseq-adaptive-j20	rep1	08:06:34.729 adaptiseq.batch: adaptive probe: workers=1 throughput=41.1Mbps score=-41
adaptiseq-adaptive-j20	rep1	08:06:39.730 adaptiseq.batch: adaptive probe: workers=1 throughput=18.5Mbps score=-18
adaptiseq-adaptive-j20	rep1	08:06:44.733 adaptiseq.batch: adaptive probe: workers=1 throughput=40.4Mbps score=-40
adaptiseq-adaptive-j20	rep1	08:06:49.735 adaptiseq.batch: adaptive probe: workers=1 throughput=43.2Mbps score=-43
adaptiseq-adaptive-j20	rep1	08:06:54.739 adaptiseq.batch: adaptive probe: workers=1 throughput=30.7Mbps score=-30
adaptiseq-adaptive-j20	rep1	08:06:59.741 adaptiseq.batch: adaptive probe: workers=1 throughput=32.4Mbps score=-32
adaptiseq-adaptive-j20	rep1	08:07:04.745 adaptiseq.batch: adaptive probe: workers=1 throughput=23.4Mbps score=-23
adaptiseq-adaptive-j20	rep1	08:07:09.746 adaptiseq.batch: adaptive probe: workers=1 throughput=27.5Mbps score=-27
adaptiseq-adaptive-j20	rep1	08:07:14.748 adaptiseq.batch: adaptive probe: workers=1 throughput=34.4Mbps score=-34
adaptiseq-adaptive-j20	rep1	08:07:19.750 adaptiseq.batch: adaptive probe: workers=1 throughput=33.1Mbps score=-33
adaptiseq-adaptive-j20	rep1	08:07:24.752 adaptiseq.batch: adaptive probe: workers=1 throughput=23.0Mbps score=-23
adaptiseq-adaptive-j20	rep1	08:07:29.754 adaptiseq.batch: adaptive probe: workers=1 throughput=13.4Mbps score=-13
adaptiseq-adaptive-j20	rep1	08:07:34.756 adaptiseq.batch: adaptive probe: workers=1 throughput=16.0Mbps score=-16
adaptiseq-adaptive-j20	rep1	08:07:39.758 adaptiseq.batch: adaptive probe: workers=1 throughput=18.0Mbps score=-18
adaptiseq-adaptive-j20	rep1	08:07:44.761 adaptiseq.batch: adaptive probe: workers=1 throughput=32.4Mbps score=-32
adaptiseq-adaptive-j20	rep1	08:07:49.764 adaptiseq.batch: adaptive probe: workers=1 throughput=33.4Mbps score=-33
adaptiseq-adaptive-j20	rep1	08:07:54.765 adaptiseq.batch: adaptive probe: workers=1 throughput=25.9Mbps score=-26
adaptiseq-adaptive-j20	rep1	08:07:59.767 adaptiseq.batch: adaptive probe: workers=1 throughput=38.7Mbps score=-38
adaptiseq-adaptive-j20	rep1	08:08:04.769 adaptiseq.batch: adaptive probe: workers=1 throughput=58.6Mbps score=-58
adaptiseq-adaptive-j20	rep1	08:08:09.770 adaptiseq.batch: adaptive probe: workers=1 throughput=39.4Mbps score=-39
adaptiseq-adaptive-j20	rep1	08:08:14.772 adaptiseq.batch: adaptive probe: workers=1 throughput=8.1Mbps score=-8
adaptiseq-adaptive-j20	rep1	08:08:19.775 adaptiseq.batch: adaptive probe: workers=1 throughput=26.3Mbps score=-26
adaptiseq-adaptive-j20	rep1	08:08:24.776 adaptiseq.batch: adaptive probe: workers=1 throughput=17.3Mbps score=-17
adaptiseq-adaptive-j20	rep1	08:08:29.778 adaptiseq.batch: adaptive probe: workers=1 throughput=29.6Mbps score=-29
adaptiseq-adaptive-j20	rep1	08:08:34.780 adaptiseq.batch: adaptive probe: workers=1 throughput=9.7Mbps score=-10
adaptiseq-adaptive-j20	rep1	08:08:39.782 adaptiseq.batch: adaptive probe: workers=1 throughput=20.6Mbps score=-20
adaptiseq-adaptive-j20	rep1	08:08:44.783 adaptiseq.batch: adaptive probe: workers=1 throughput=14.5Mbps score=-14
adaptiseq-adaptive-j20	rep1	08:08:49.785 adaptiseq.batch: adaptive probe: workers=1 throughput=38.4Mbps score=-38
adaptiseq-adaptive-j20	rep1	08:08:54.787 adaptiseq.batch: adaptive probe: workers=1 throughput=2.6Mbps score=-3
adaptiseq-adaptive-j20	rep1	08:08:59.788 adaptiseq.batch: adaptive probe: workers=1 throughput=43.6Mbps score=-43
adaptiseq-adaptive-j20	rep1	08:09:04.789 adaptiseq.batch: adaptive probe: workers=1 throughput=83.6Mbps score=-83
adaptiseq-adaptive-j20	rep1	08:09:09.791 adaptiseq.batch: adaptive probe: workers=1 throughput=109.9Mbps score=-109
adaptiseq-adaptive-j20	rep1	08:09:14.793 adaptiseq.batch: adaptive probe: workers=1 throughput=33.7Mbps score=-33
adaptiseq-adaptive-j20	rep1	08:09:19.795 adaptiseq.batch: adaptive probe: workers=1 throughput=45.5Mbps score=-45
adaptiseq-adaptive-j20	rep1	08:09:24.796 adaptiseq.batch: adaptive probe: workers=1 throughput=99.5Mbps score=-99
adaptiseq-adaptive-j20	rep1	08:09:29.798 adaptiseq.batch: adaptive probe: workers=1 throughput=63.5Mbps score=-63
adaptiseq-adaptive-j20	rep1	08:09:34.800 adaptiseq.batch: adaptive probe: workers=1 throughput=55.6Mbps score=-55
adaptiseq-adaptive-j20	rep1	08:09:39.802 adaptiseq.batch: adaptive probe: workers=1 throughput=50.5Mbps score=-50
adaptiseq-adaptive-j20	rep1	08:09:44.805 adaptiseq.batch: adaptive probe: workers=1 throughput=0.0Mbps score=0
adaptiseq-adaptive-j20	rep1	08:09:49.806 adaptiseq.batch: adaptive probe: workers=1 throughput=56.9Mbps score=-56
adaptiseq-adaptive-j20	rep1	08:09:54.808 adaptiseq.batch: adaptive probe: workers=1 throughput=0.0Mbps score=0
adaptiseq-adaptive-j20	rep1	08:09:59.809 adaptiseq.batch: adaptive probe: workers=1 throughput=57.0Mbps score=-56
adaptiseq-adaptive-j20	rep1	08:10:04.810 adaptiseq.batch: adaptive probe: workers=1 throughput=70.7Mbps score=-70
adaptiseq-adaptive-j20	rep1	08:10:09.811 adaptiseq.batch: adaptive probe: workers=1 throughput=86.3Mbps score=-85
adaptiseq-adaptive-j20	rep1	[32mNote[0m: adaptive worker summary: 96 probe(s); best 2453 Mbps at 11 worker(s); last 86 Mbps at 1 worker(s); recent: 1w@34Mbps, 1w@45Mbps, 1w@100Mbps, 1w@63Mbps, 1w@56Mbps, 1w@50Mbps, 1w@0Mbps, 1w@57Mbps, 1w@0Mbps, 1w@57Mbps, 1w@71Mbps, 1w@86Mbps
adaptiseq-adaptive-j40	rep1	08:11:17.039 adaptiseq.batch: adaptive probe: workers=1 throughput=1144.0Mbps score=-1133
adaptiseq-adaptive-j40	rep1	08:11:22.041 adaptiseq.batch: adaptive probe: workers=2 throughput=1004.8Mbps score=-985
adaptiseq-adaptive-j40	rep1	08:11:27.043 adaptiseq.batch: adaptive probe: workers=1 throughput=771.9Mbps score=-764
adaptiseq-adaptive-j40	rep1	08:11:32.045 adaptiseq.batch: adaptive probe: workers=2 throughput=365.2Mbps score=-358
adaptiseq-adaptive-j40	rep1	08:11:37.046 adaptiseq.batch: adaptive probe: workers=1 throughput=109.3Mbps score=-108
adaptiseq-adaptive-j40	rep1	08:11:42.048 adaptiseq.batch: adaptive probe: workers=2 throughput=58.1Mbps score=-57
adaptiseq-adaptive-j40	rep1	08:11:47.049 adaptiseq.batch: adaptive probe: workers=1 throughput=73.0Mbps score=-72
adaptiseq-adaptive-j40	rep1	08:11:52.052 adaptiseq.batch: adaptive probe: workers=1 throughput=147.2Mbps score=-146
adaptiseq-adaptive-j40	rep1	08:11:57.054 adaptiseq.batch: adaptive probe: workers=2 throughput=108.0Mbps score=-106
adaptiseq-adaptive-j40	rep1	08:12:02.056 adaptiseq.batch: adaptive probe: workers=1 throughput=24.7Mbps score=-24
adaptiseq-adaptive-j40	rep1	08:12:07.057 adaptiseq.batch: adaptive probe: workers=2 throughput=107.2Mbps score=-105
adaptiseq-adaptive-j40	rep1	08:12:12.062 adaptiseq.batch: adaptive probe: workers=7 throughput=1315.7Mbps score=-1227
adaptiseq-adaptive-j40	rep1	08:12:17.074 adaptiseq.batch: adaptive probe: workers=12 throughput=3137.5Mbps score=-2784
adaptiseq-adaptive-j40	rep1	08:12:22.095 adaptiseq.batch: adaptive probe: workers=15 throughput=2608.4Mbps score=-2247
adaptiseq-adaptive-j40	rep1	08:12:27.111 adaptiseq.batch: adaptive probe: workers=14 throughput=2632.1Mbps score=-2290
adaptiseq-adaptive-j40	rep1	08:12:32.565 adaptiseq.batch: adaptive probe: workers=13 throughput=2128.6Mbps score=-1870
adaptiseq-adaptive-j40	rep1	08:12:37.606 adaptiseq.batch: adaptive probe: workers=15 throughput=2139.0Mbps score=-1842
adaptiseq-adaptive-j40	rep1	08:12:42.612 adaptiseq.batch: adaptive probe: workers=14 throughput=1216.8Mbps score=-1059
adaptiseq-adaptive-j40	rep1	08:12:47.613 adaptiseq.batch: adaptive probe: workers=15 throughput=1309.8Mbps score=-1128
adaptiseq-adaptive-j40	rep1	08:12:52.615 adaptiseq.batch: adaptive probe: workers=15 throughput=1547.4Mbps score=-1333
adaptiseq-adaptive-j40	rep1	08:12:57.617 adaptiseq.batch: adaptive probe: workers=12 throughput=1353.7Mbps score=-1201
adaptiseq-adaptive-j40	rep1	08:13:02.618 adaptiseq.batch: adaptive probe: workers=13 throughput=892.8Mbps score=-784
adaptiseq-adaptive-j40	rep1	08:13:07.619 adaptiseq.batch: adaptive probe: workers=8 throughput=1328.0Mbps score=-1226
adaptiseq-adaptive-j40	rep1	08:13:12.629 adaptiseq.batch: adaptive probe: workers=7 throughput=276.0Mbps score=-257
adaptiseq-adaptive-j40	rep1	08:13:17.634 adaptiseq.batch: adaptive probe: workers=12 throughput=882.5Mbps score=-783
adaptiseq-adaptive-j40	rep1	08:13:22.637 adaptiseq.batch: adaptive probe: workers=11 throughput=1380.8Mbps score=-1238
adaptiseq-adaptive-j40	rep1	08:13:27.639 adaptiseq.batch: adaptive probe: workers=9 throughput=928.7Mbps score=-849
adaptiseq-adaptive-j40	rep1	08:13:32.640 adaptiseq.batch: adaptive probe: workers=9 throughput=808.2Mbps score=-739
adaptiseq-adaptive-j40	rep1	08:13:37.642 adaptiseq.batch: adaptive probe: workers=9 throughput=827.8Mbps score=-757
adaptiseq-adaptive-j40	rep1	08:13:42.644 adaptiseq.batch: adaptive probe: workers=7 throughput=510.1Mbps score=-476
adaptiseq-adaptive-j40	rep1	08:13:47.645 adaptiseq.batch: adaptive probe: workers=6 throughput=1041.8Mbps score=-981
adaptiseq-adaptive-j40	rep1	08:13:52.647 adaptiseq.batch: adaptive probe: workers=6 throughput=771.0Mbps score=-726
adaptiseq-adaptive-j40	rep1	08:13:57.648 adaptiseq.batch: adaptive probe: workers=5 throughput=449.7Mbps score=-428
adaptiseq-adaptive-j40	rep1	08:14:02.651 adaptiseq.batch: adaptive probe: workers=4 throughput=438.9Mbps score=-422
adaptiseq-adaptive-j40	rep1	08:14:07.652 adaptiseq.batch: adaptive probe: workers=5 throughput=224.2Mbps score=-213
adaptiseq-adaptive-j40	rep1	08:14:12.654 adaptiseq.batch: adaptive probe: workers=3 throughput=180.4Mbps score=-175
adaptiseq-adaptive-j40	rep1	08:14:17.656 adaptiseq.batch: adaptive probe: workers=4 throughput=172.1Mbps score=-165
adaptiseq-adaptive-j40	rep1	08:14:22.658 adaptiseq.batch: adaptive probe: workers=3 throughput=47.3Mbps score=-46
adaptiseq-adaptive-j40	rep1	08:14:27.660 adaptiseq.batch: adaptive probe: workers=5 throughput=221.2Mbps score=-210
adaptiseq-adaptive-j40	rep1	08:14:32.662 adaptiseq.batch: adaptive probe: workers=4 throughput=263.1Mbps score=-253
adaptiseq-adaptive-j40	rep1	08:14:37.663 adaptiseq.batch: adaptive probe: workers=4 throughput=227.3Mbps score=-218
adaptiseq-adaptive-j40	rep1	08:14:42.665 adaptiseq.batch: adaptive probe: workers=4 throughput=352.5Mbps score=-339
adaptiseq-adaptive-j40	rep1	08:14:47.667 adaptiseq.batch: adaptive probe: workers=3 throughput=272.8Mbps score=-265
adaptiseq-adaptive-j40	rep1	08:14:52.668 adaptiseq.batch: adaptive probe: workers=2 throughput=301.9Mbps score=-296
adaptiseq-adaptive-j40	rep1	08:14:57.669 adaptiseq.batch: adaptive probe: workers=2 throughput=214.8Mbps score=-211
adaptiseq-adaptive-j40	rep1	08:15:02.671 adaptiseq.batch: adaptive probe: workers=2 throughput=161.0Mbps score=-158
adaptiseq-adaptive-j40	rep1	08:15:07.673 adaptiseq.batch: adaptive probe: workers=2 throughput=145.2Mbps score=-142
adaptiseq-adaptive-j40	rep1	08:15:12.674 adaptiseq.batch: adaptive probe: workers=2 throughput=151.2Mbps score=-148
adaptiseq-adaptive-j40	rep1	08:15:17.675 adaptiseq.batch: adaptive probe: workers=2 throughput=139.9Mbps score=-137
adaptiseq-adaptive-j40	rep1	08:15:22.677 adaptiseq.batch: adaptive probe: workers=2 throughput=75.9Mbps score=-74
adaptiseq-adaptive-j40	rep1	08:15:27.678 adaptiseq.batch: adaptive probe: workers=2 throughput=18.9Mbps score=-19
adaptiseq-adaptive-j40	rep1	08:15:32.680 adaptiseq.batch: adaptive probe: workers=2 throughput=90.8Mbps score=-89
adaptiseq-adaptive-j40	rep1	08:15:37.682 adaptiseq.batch: adaptive probe: workers=2 throughput=60.4Mbps score=-59
adaptiseq-adaptive-j40	rep1	08:15:42.683 adaptiseq.batch: adaptive probe: workers=2 throughput=42.2Mbps score=-41
adaptiseq-adaptive-j40	rep1	08:15:47.686 adaptiseq.batch: adaptive probe: workers=2 throughput=29.3Mbps score=-29
adaptiseq-adaptive-j40	rep1	08:15:52.687 adaptiseq.batch: adaptive probe: workers=2 throughput=48.0Mbps score=-47
adaptiseq-adaptive-j40	rep1	08:15:57.689 adaptiseq.batch: adaptive probe: workers=2 throughput=66.2Mbps score=-65
adaptiseq-adaptive-j40	rep1	08:16:02.690 adaptiseq.batch: adaptive probe: workers=2 throughput=121.8Mbps score=-119
adaptiseq-adaptive-j40	rep1	08:16:07.691 adaptiseq.batch: adaptive probe: workers=1 throughput=129.6Mbps score=-128
adaptiseq-adaptive-j40	rep1	08:16:12.692 adaptiseq.batch: adaptive probe: workers=1 throughput=103.9Mbps score=-103
adaptiseq-adaptive-j40	rep1	08:16:17.694 adaptiseq.batch: adaptive probe: workers=1 throughput=102.3Mbps score=-101
adaptiseq-adaptive-j40	rep1	08:16:22.696 adaptiseq.batch: adaptive probe: workers=1 throughput=61.5Mbps score=-61
adaptiseq-adaptive-j40	rep1	08:16:27.697 adaptiseq.batch: adaptive probe: workers=1 throughput=16.0Mbps score=-16
adaptiseq-adaptive-j40	rep1	08:16:32.699 adaptiseq.batch: adaptive probe: workers=1 throughput=100.0Mbps score=-99
adaptiseq-adaptive-j40	rep1	08:16:37.700 adaptiseq.batch: adaptive probe: workers=2 throughput=116.8Mbps score=-114
adaptiseq-adaptive-j40	rep1	08:16:42.703 adaptiseq.batch: adaptive probe: workers=2 throughput=151.5Mbps score=-149
adaptiseq-adaptive-j40	rep1	08:16:47.704 adaptiseq.batch: adaptive probe: workers=2 throughput=120.4Mbps score=-118
adaptiseq-adaptive-j40	rep1	08:16:52.707 adaptiseq.batch: adaptive probe: workers=2 throughput=94.2Mbps score=-92
adaptiseq-adaptive-j40	rep1	08:16:57.708 adaptiseq.batch: adaptive probe: workers=2 throughput=70.1Mbps score=-69
adaptiseq-adaptive-j40	rep1	08:17:02.709 adaptiseq.batch: adaptive probe: workers=2 throughput=100.1Mbps score=-98
adaptiseq-adaptive-j40	rep1	08:17:07.710 adaptiseq.batch: adaptive probe: workers=2 throughput=131.0Mbps score=-128
adaptiseq-adaptive-j40	rep1	08:17:12.711 adaptiseq.batch: adaptive probe: workers=2 throughput=98.1Mbps score=-96
adaptiseq-adaptive-j40	rep1	08:17:17.714 adaptiseq.batch: adaptive probe: workers=2 throughput=61.0Mbps score=-60
adaptiseq-adaptive-j40	rep1	08:17:22.715 adaptiseq.batch: adaptive probe: workers=2 throughput=91.1Mbps score=-89
adaptiseq-adaptive-j40	rep1	08:17:27.717 adaptiseq.batch: adaptive probe: workers=2 throughput=51.1Mbps score=-50
adaptiseq-adaptive-j40	rep1	08:17:32.718 adaptiseq.batch: adaptive probe: workers=2 throughput=18.6Mbps score=-18
adaptiseq-adaptive-j40	rep1	08:17:37.720 adaptiseq.batch: adaptive probe: workers=1 throughput=10.8Mbps score=-11
adaptiseq-adaptive-j40	rep1	08:17:42.721 adaptiseq.batch: adaptive probe: workers=2 throughput=35.0Mbps score=-34
adaptiseq-adaptive-j40	rep1	08:17:47.724 adaptiseq.batch: adaptive probe: workers=2 throughput=53.0Mbps score=-52
adaptiseq-adaptive-j40	rep1	08:17:52.726 adaptiseq.batch: adaptive probe: workers=2 throughput=69.6Mbps score=-68
adaptiseq-adaptive-j40	rep1	08:17:57.727 adaptiseq.batch: adaptive probe: workers=2 throughput=56.4Mbps score=-55
adaptiseq-adaptive-j40	rep1	08:18:02.729 adaptiseq.batch: adaptive probe: workers=2 throughput=49.9Mbps score=-49
adaptiseq-adaptive-j40	rep1	08:18:07.731 adaptiseq.batch: adaptive probe: workers=2 throughput=57.0Mbps score=-56
adaptiseq-adaptive-j40	rep1	08:18:12.734 adaptiseq.batch: adaptive probe: workers=2 throughput=86.6Mbps score=-85
adaptiseq-adaptive-j40	rep1	08:18:17.736 adaptiseq.batch: adaptive probe: workers=2 throughput=239.7Mbps score=-235
adaptiseq-adaptive-j40	rep1	[32mNote[0m: adaptive worker summary: 85 probe(s); best 3138 Mbps at 12 worker(s); last 240 Mbps at 2 worker(s); recent: 2w@91Mbps, 2w@51Mbps, 2w@19Mbps, 1w@11Mbps, 2w@35Mbps, 2w@53Mbps, 2w@70Mbps, 2w@56Mbps, 2w@50Mbps, 2w@57Mbps, 2w@87Mbps, 2w@240Mbps
adaptiseq-adaptive-j20	rep2	10:18:02.923 adaptiseq.batch: adaptive probe: workers=1 throughput=399.2Mbps score=-395
adaptiseq-adaptive-j20	rep2	10:18:07.926 adaptiseq.batch: adaptive probe: workers=2 throughput=282.5Mbps score=-277
adaptiseq-adaptive-j20	rep2	10:18:12.928 adaptiseq.batch: adaptive probe: workers=1 throughput=321.7Mbps score=-318
adaptiseq-adaptive-j20	rep2	10:18:17.929 adaptiseq.batch: adaptive probe: workers=1 throughput=324.6Mbps score=-321
adaptiseq-adaptive-j20	rep2	10:18:22.931 adaptiseq.batch: adaptive probe: workers=2 throughput=335.9Mbps score=-329
adaptiseq-adaptive-j20	rep2	10:18:27.933 adaptiseq.batch: adaptive probe: workers=3 throughput=570.2Mbps score=-553
adaptiseq-adaptive-j20	rep2	10:18:32.938 adaptiseq.batch: adaptive probe: workers=5 throughput=1330.6Mbps score=-1266
adaptiseq-adaptive-j20	rep2	10:18:37.943 adaptiseq.batch: adaptive probe: workers=8 throughput=2354.0Mbps score=-2174
adaptiseq-adaptive-j20	rep2	10:18:42.948 adaptiseq.batch: adaptive probe: workers=10 throughput=3449.9Mbps score=-3123
adaptiseq-adaptive-j20	rep2	10:18:47.955 adaptiseq.batch: adaptive probe: workers=12 throughput=2906.6Mbps score=-2579
adaptiseq-adaptive-j20	rep2	10:18:53.221 adaptiseq.batch: adaptive probe: workers=10 throughput=2636.3Mbps score=-2387
adaptiseq-adaptive-j20	rep2	10:18:58.252 adaptiseq.batch: adaptive probe: workers=11 throughput=2229.6Mbps score=-1998
adaptiseq-adaptive-j20	rep2	10:19:03.253 adaptiseq.batch: adaptive probe: workers=9 throughput=1343.1Mbps score=-1228
adaptiseq-adaptive-j20	rep2	10:19:08.255 adaptiseq.batch: adaptive probe: workers=11 throughput=1327.2Mbps score=-1190
adaptiseq-adaptive-j20	rep2	10:19:13.257 adaptiseq.batch: adaptive probe: workers=10 throughput=1463.7Mbps score=-1325
adaptiseq-adaptive-j20	rep2	10:19:18.258 adaptiseq.batch: adaptive probe: workers=9 throughput=986.6Mbps score=-902
adaptiseq-adaptive-j20	rep2	10:19:23.259 adaptiseq.batch: adaptive probe: workers=12 throughput=1153.2Mbps score=-1023
adaptiseq-adaptive-j20	rep2	10:19:28.266 adaptiseq.batch: adaptive probe: workers=13 throughput=1660.9Mbps score=-1459
adaptiseq-adaptive-j20	rep2	10:19:33.296 adaptiseq.batch: adaptive probe: workers=11 throughput=1861.0Mbps score=-1668
adaptiseq-adaptive-j20	rep2	10:19:38.300 adaptiseq.batch: adaptive probe: workers=11 throughput=1559.4Mbps score=-1398
adaptiseq-adaptive-j20	rep2	10:19:43.302 adaptiseq.batch: adaptive probe: workers=8 throughput=1119.8Mbps score=-1034
adaptiseq-adaptive-j20	rep2	10:19:48.305 adaptiseq.batch: adaptive probe: workers=9 throughput=1214.7Mbps score=-1111
adaptiseq-adaptive-j20	rep2	10:19:53.308 adaptiseq.batch: adaptive probe: workers=8 throughput=1235.8Mbps score=-1141
adaptiseq-adaptive-j20	rep2	10:19:58.318 adaptiseq.batch: adaptive probe: workers=8 throughput=1177.9Mbps score=-1088
adaptiseq-adaptive-j20	rep2	10:20:03.320 adaptiseq.batch: adaptive probe: workers=8 throughput=1145.6Mbps score=-1058
adaptiseq-adaptive-j20	rep2	10:20:08.324 adaptiseq.batch: adaptive probe: workers=8 throughput=1091.7Mbps score=-1008
adaptiseq-adaptive-j20	rep2	10:20:13.325 adaptiseq.batch: adaptive probe: workers=8 throughput=892.6Mbps score=-824
adaptiseq-adaptive-j20	rep2	10:20:18.330 adaptiseq.batch: adaptive probe: workers=7 throughput=864.6Mbps score=-806
adaptiseq-adaptive-j20	rep2	10:20:23.331 adaptiseq.batch: adaptive probe: workers=6 throughput=715.6Mbps score=-674
adaptiseq-adaptive-j20	rep2	10:20:28.333 adaptiseq.batch: adaptive probe: workers=6 throughput=488.0Mbps score=-460
adaptiseq-adaptive-j20	rep2	10:20:33.335 adaptiseq.batch: adaptive probe: workers=6 throughput=502.3Mbps score=-473
adaptiseq-adaptive-j20	rep2	10:20:38.336 adaptiseq.batch: adaptive probe: workers=5 throughput=554.9Mbps score=-528
adaptiseq-adaptive-j20	rep2	10:20:43.337 adaptiseq.batch: adaptive probe: workers=3 throughput=364.4Mbps score=-354
adaptiseq-adaptive-j20	rep2	10:20:48.340 adaptiseq.batch: adaptive probe: workers=2 throughput=172.4Mbps score=-169
adaptiseq-adaptive-j20	rep2	10:20:53.341 adaptiseq.batch: adaptive probe: workers=2 throughput=126.5Mbps score=-124
adaptiseq-adaptive-j20	rep2	10:20:58.342 adaptiseq.batch: adaptive probe: workers=1 throughput=150.9Mbps score=-149
adaptiseq-adaptive-j20	rep2	10:21:03.344 adaptiseq.batch: adaptive probe: workers=1 throughput=33.2Mbps score=-33
adaptiseq-adaptive-j20	rep2	10:21:08.345 adaptiseq.batch: adaptive probe: workers=1 throughput=24.7Mbps score=-24
adaptiseq-adaptive-j20	rep2	10:21:13.347 adaptiseq.batch: adaptive probe: workers=1 throughput=22.6Mbps score=-22
adaptiseq-adaptive-j20	rep2	10:21:18.348 adaptiseq.batch: adaptive probe: workers=1 throughput=22.9Mbps score=-23
adaptiseq-adaptive-j20	rep2	10:21:23.351 adaptiseq.batch: adaptive probe: workers=1 throughput=23.3Mbps score=-23
adaptiseq-adaptive-j20	rep2	10:21:28.351 adaptiseq.batch: adaptive probe: workers=1 throughput=22.0Mbps score=-22
adaptiseq-adaptive-j20	rep2	10:21:33.353 adaptiseq.batch: adaptive probe: workers=1 throughput=12.1Mbps score=-12
adaptiseq-adaptive-j20	rep2	10:21:38.353 adaptiseq.batch: adaptive probe: workers=1 throughput=12.6Mbps score=-12
adaptiseq-adaptive-j20	rep2	10:21:43.355 adaptiseq.batch: adaptive probe: workers=1 throughput=25.0Mbps score=-25
adaptiseq-adaptive-j20	rep2	10:21:48.356 adaptiseq.batch: adaptive probe: workers=1 throughput=78.0Mbps score=-77
adaptiseq-adaptive-j20	rep2	[32mNote[0m: adaptive worker summary: 46 probe(s); best 3450 Mbps at 10 worker(s); last 78 Mbps at 1 worker(s); recent: 2w@127Mbps, 1w@151Mbps, 1w@33Mbps, 1w@25Mbps, 1w@23Mbps, 1w@23Mbps, 1w@23Mbps, 1w@22Mbps, 1w@12Mbps, 1w@13Mbps, 1w@25Mbps, 1w@78Mbps
adaptiseq-adaptive-j40	rep2	10:58:59.149 adaptiseq.batch: adaptive probe: workers=1 throughput=559.0Mbps score=-553
adaptiseq-adaptive-j40	rep2	10:59:04.152 adaptiseq.batch: adaptive probe: workers=2 throughput=505.6Mbps score=-496
adaptiseq-adaptive-j40	rep2	10:59:09.154 adaptiseq.batch: adaptive probe: workers=1 throughput=555.4Mbps score=-550
adaptiseq-adaptive-j40	rep2	10:59:14.155 adaptiseq.batch: adaptive probe: workers=1 throughput=558.1Mbps score=-553
adaptiseq-adaptive-j40	rep2	10:59:19.158 adaptiseq.batch: adaptive probe: workers=2 throughput=559.4Mbps score=-548
adaptiseq-adaptive-j40	rep2	10:59:24.159 adaptiseq.batch: adaptive probe: workers=1 throughput=513.2Mbps score=-508
adaptiseq-adaptive-j40	rep2	10:59:29.161 adaptiseq.batch: adaptive probe: workers=2 throughput=498.1Mbps score=-488
adaptiseq-adaptive-j40	rep2	10:59:34.164 adaptiseq.batch: adaptive probe: workers=1 throughput=294.8Mbps score=-292
adaptiseq-adaptive-j40	rep2	10:59:39.165 adaptiseq.batch: adaptive probe: workers=2 throughput=267.6Mbps score=-262
adaptiseq-adaptive-j40	rep2	10:59:44.167 adaptiseq.batch: adaptive probe: workers=1 throughput=259.0Mbps score=-256
adaptiseq-adaptive-j40	rep2	10:59:49.169 adaptiseq.batch: adaptive probe: workers=2 throughput=189.6Mbps score=-186
adaptiseq-adaptive-j40	rep2	10:59:54.171 adaptiseq.batch: adaptive probe: workers=1 throughput=255.4Mbps score=-253
adaptiseq-adaptive-j40	rep2	10:59:59.173 adaptiseq.batch: adaptive probe: workers=1 throughput=262.2Mbps score=-260
adaptiseq-adaptive-j40	rep2	11:00:04.174 adaptiseq.batch: adaptive probe: workers=2 throughput=269.8Mbps score=-264
adaptiseq-adaptive-j40	rep2	11:00:09.175 adaptiseq.batch: adaptive probe: workers=3 throughput=497.4Mbps score=-483
adaptiseq-adaptive-j40	rep2	11:00:14.177 adaptiseq.batch: adaptive probe: workers=5 throughput=1158.8Mbps score=-1103
adaptiseq-adaptive-j40	rep2	11:00:19.181 adaptiseq.batch: adaptive probe: workers=8 throughput=1669.4Mbps score=-1542
adaptiseq-adaptive-j40	rep2	11:00:24.183 adaptiseq.batch: adaptive probe: workers=9 throughput=1112.1Mbps score=-1017
adaptiseq-adaptive-j40	rep2	11:00:29.185 adaptiseq.batch: adaptive probe: workers=6 throughput=1354.5Mbps score=-1276
adaptiseq-adaptive-j40	rep2	11:00:34.187 adaptiseq.batch: adaptive probe: workers=5 throughput=1682.5Mbps score=-1601
adaptiseq-adaptive-j40	rep2	11:00:39.189 adaptiseq.batch: adaptive probe: workers=4 throughput=1603.5Mbps score=-1541
adaptiseq-adaptive-j40	rep2	11:00:44.191 adaptiseq.batch: adaptive probe: workers=5 throughput=1514.3Mbps score=-1441
adaptiseq-adaptive-j40	rep2	11:00:49.193 adaptiseq.batch: adaptive probe: workers=4 throughput=1247.0Mbps score=-1198
adaptiseq-adaptive-j40	rep2	11:00:54.196 adaptiseq.batch: adaptive probe: workers=5 throughput=1583.2Mbps score=-1506
adaptiseq-adaptive-j40	rep2	11:00:59.198 adaptiseq.batch: adaptive probe: workers=6 throughput=1382.4Mbps score=-1302
adaptiseq-adaptive-j40	rep2	11:01:04.202 adaptiseq.batch: adaptive probe: workers=5 throughput=1201.7Mbps score=-1143
adaptiseq-adaptive-j40	rep2	11:01:09.205 adaptiseq.batch: adaptive probe: workers=6 throughput=1197.2Mbps score=-1128
adaptiseq-adaptive-j40	rep2	11:01:14.206 adaptiseq.batch: adaptive probe: workers=5 throughput=749.7Mbps score=-713
adaptiseq-adaptive-j40	rep2	11:01:19.208 adaptiseq.batch: adaptive probe: workers=7 throughput=612.6Mbps score=-571
adaptiseq-adaptive-j40	rep2	11:01:24.209 adaptiseq.batch: adaptive probe: workers=6 throughput=578.1Mbps score=-545
adaptiseq-adaptive-j40	rep2	11:01:29.210 adaptiseq.batch: adaptive probe: workers=7 throughput=652.0Mbps score=-608
adaptiseq-adaptive-j40	rep2	11:01:34.212 adaptiseq.batch: adaptive probe: workers=8 throughput=800.4Mbps score=-739
adaptiseq-adaptive-j40	rep2	11:01:39.213 adaptiseq.batch: adaptive probe: workers=10 throughput=987.7Mbps score=-894
adaptiseq-adaptive-j40	rep2	11:01:44.215 adaptiseq.batch: adaptive probe: workers=10 throughput=1003.3Mbps score=-908
adaptiseq-adaptive-j40	rep2	11:01:49.216 adaptiseq.batch: adaptive probe: workers=10 throughput=688.3Mbps score=-623
adaptiseq-adaptive-j40	rep2	11:01:54.217 adaptiseq.batch: adaptive probe: workers=8 throughput=639.4Mbps score=-591
adaptiseq-adaptive-j40	rep2	11:01:59.218 adaptiseq.batch: adaptive probe: workers=9 throughput=620.9Mbps score=-568
adaptiseq-adaptive-j40	rep2	11:02:04.219 adaptiseq.batch: adaptive probe: workers=8 throughput=762.7Mbps score=-704
adaptiseq-adaptive-j40	rep2	11:02:09.221 adaptiseq.batch: adaptive probe: workers=6 throughput=671.6Mbps score=-633
adaptiseq-adaptive-j40	rep2	11:02:14.223 adaptiseq.batch: adaptive probe: workers=7 throughput=550.9Mbps score=-514
adaptiseq-adaptive-j40	rep2	11:02:19.225 adaptiseq.batch: adaptive probe: workers=4 throughput=528.5Mbps score=-508
adaptiseq-adaptive-j40	rep2	11:02:24.227 adaptiseq.batch: adaptive probe: workers=5 throughput=563.1Mbps score=-536
adaptiseq-adaptive-j40	rep2	11:02:29.228 adaptiseq.batch: adaptive probe: workers=6 throughput=448.2Mbps score=-422
adaptiseq-adaptive-j40	rep2	11:02:34.229 adaptiseq.batch: adaptive probe: workers=5 throughput=348.5Mbps score=-332
adaptiseq-adaptive-j40	rep2	11:02:39.230 adaptiseq.batch: adaptive probe: workers=6 throughput=448.6Mbps score=-423
adaptiseq-adaptive-j40	rep2	11:02:44.231 adaptiseq.batch: adaptive probe: workers=7 throughput=646.3Mbps score=-603
adaptiseq-adaptive-j40	rep2	11:02:49.233 adaptiseq.batch: adaptive probe: workers=7 throughput=483.4Mbps score=-451
adaptiseq-adaptive-j40	rep2	11:02:54.235 adaptiseq.batch: adaptive probe: workers=7 throughput=483.1Mbps score=-451
adaptiseq-adaptive-j40	rep2	11:02:59.237 adaptiseq.batch: adaptive probe: workers=7 throughput=724.6Mbps score=-676
adaptiseq-adaptive-j40	rep2	11:03:04.240 adaptiseq.batch: adaptive probe: workers=7 throughput=510.6Mbps score=-476
adaptiseq-adaptive-j40	rep2	11:03:09.241 adaptiseq.batch: adaptive probe: workers=7 throughput=516.4Mbps score=-482
adaptiseq-adaptive-j40	rep2	11:03:14.243 adaptiseq.batch: adaptive probe: workers=5 throughput=560.5Mbps score=-533
adaptiseq-adaptive-j40	rep2	11:03:19.245 adaptiseq.batch: adaptive probe: workers=5 throughput=497.1Mbps score=-473
adaptiseq-adaptive-j40	rep2	11:03:24.246 adaptiseq.batch: adaptive probe: workers=5 throughput=395.5Mbps score=-376
adaptiseq-adaptive-j40	rep2	11:03:29.248 adaptiseq.batch: adaptive probe: workers=4 throughput=209.4Mbps score=-201
adaptiseq-adaptive-j40	rep2	11:03:34.249 adaptiseq.batch: adaptive probe: workers=4 throughput=159.4Mbps score=-153
adaptiseq-adaptive-j40	rep2	11:03:39.251 adaptiseq.batch: adaptive probe: workers=4 throughput=218.0Mbps score=-210
adaptiseq-adaptive-j40	rep2	11:03:44.257 adaptiseq.batch: adaptive probe: workers=4 throughput=191.4Mbps score=-184
adaptiseq-adaptive-j40	rep2	11:03:49.259 adaptiseq.batch: adaptive probe: workers=4 throughput=166.8Mbps score=-160
adaptiseq-adaptive-j40	rep2	11:03:54.260 adaptiseq.batch: adaptive probe: workers=4 throughput=93.4Mbps score=-90
adaptiseq-adaptive-j40	rep2	11:03:59.262 adaptiseq.batch: adaptive probe: workers=4 throughput=84.0Mbps score=-81
adaptiseq-adaptive-j40	rep2	11:04:04.264 adaptiseq.batch: adaptive probe: workers=3 throughput=110.0Mbps score=-107
adaptiseq-adaptive-j40	rep2	11:04:09.266 adaptiseq.batch: adaptive probe: workers=3 throughput=100.9Mbps score=-98
adaptiseq-adaptive-j40	rep2	11:04:14.267 adaptiseq.batch: adaptive probe: workers=3 throughput=83.3Mbps score=-81
adaptiseq-adaptive-j40	rep2	11:04:19.268 adaptiseq.batch: adaptive probe: workers=3 throughput=64.5Mbps score=-63
adaptiseq-adaptive-j40	rep2	11:04:24.271 adaptiseq.batch: adaptive probe: workers=3 throughput=60.5Mbps score=-59
adaptiseq-adaptive-j40	rep2	11:04:29.273 adaptiseq.batch: adaptive probe: workers=3 throughput=44.0Mbps score=-43
adaptiseq-adaptive-j40	rep2	11:04:34.274 adaptiseq.batch: adaptive probe: workers=3 throughput=32.7Mbps score=-32
adaptiseq-adaptive-j40	rep2	11:04:39.276 adaptiseq.batch: adaptive probe: workers=2 throughput=42.3Mbps score=-41
adaptiseq-adaptive-j40	rep2	11:04:44.277 adaptiseq.batch: adaptive probe: workers=2 throughput=58.6Mbps score=-57
adaptiseq-adaptive-j40	rep2	11:04:49.281 adaptiseq.batch: adaptive probe: workers=1 throughput=17.9Mbps score=-18
adaptiseq-adaptive-j40	rep2	11:04:54.283 adaptiseq.batch: adaptive probe: workers=1 throughput=0.0Mbps score=0
adaptiseq-adaptive-j40	rep2	11:04:59.286 adaptiseq.batch: adaptive probe: workers=1 throughput=0.0Mbps score=0
adaptiseq-adaptive-j40	rep2	11:05:04.288 adaptiseq.batch: adaptive probe: workers=1 throughput=0.0Mbps score=0
adaptiseq-adaptive-j40	rep2	11:05:09.290 adaptiseq.batch: adaptive probe: workers=1 throughput=0.0Mbps score=0
adaptiseq-adaptive-j40	rep2	11:05:14.291 adaptiseq.batch: adaptive probe: workers=1 throughput=5.0Mbps score=-5
adaptiseq-adaptive-j40	rep2	[32mNote[0m: adaptive worker summary: 76 probe(s); best 1683 Mbps at 5 worker(s); last 5 Mbps at 1 worker(s); recent: 3w@64Mbps, 3w@61Mbps, 3w@44Mbps, 3w@33Mbps, 2w@42Mbps, 2w@59Mbps, 1w@18Mbps, 1w@0Mbps, 1w@0Mbps, 1w@0Mbps, 1w@0Mbps, 1w@5Mbps
